{
  "_fv": 39,
  "_type": "recipe",
  "definition": {
    "recipeType": "Crafting",
    "xpReward": 0.0,
    "cookingTime": 200,
    "recipeRetstackSize": 1,
    "group": "",
    "recipeShapeless": false,
    "recipeSlots": [
      {
        "value": ""
      },
      {
        "value": "Blocks.AMETHYST_CLUSTER"
      },
      {
        "value": ""
      },
      {
        "value": "Items.DIAMOND"
      },
      {
        "value": "Blocks.WOOL#13"
      },
      {
        "value": "Items.DIAMOND"
      },
      {
        "value": "Blocks.PLANKS"
      },
      {
        "value": "Blocks.CRAFTING_TABLE"
      },
      {
        "value": "Blocks.PLANKS"
      }
    ],
    "recipeReturnStack": {
      "value": "CUSTOM:Alchemytable"
    },
    "name": "alchemytablerecipe",
    "namespace": "minecraft"
  }
}