{
  "_fv": 39,
  "_type": "gui",
  "definition": {
    "type": 1,
    "width": 243,
    "height": 156,
    "inventoryOffsetX": 30,
    "inventoryOffsetY": -6,
    "renderBgLayer": true,
    "doesPauseGame": false,
    "components": [
      {
        "type": "inputslot",
        "data": {
          "inputLimit": {
            "value": ""
          },
          "disablePlacement": {
            "fixedValue": false
          },
          "id": 0,
          "disablePickup": {
            "fixedValue": false
          },
          "dropItemsWhenNotBound": true,
          "onSlotChanged": {
            "name": "Whenslotchanges0"
          },
          "x": 190,
          "y": 79
        }
      },
      {
        "type": "inputslot",
        "data": {
          "inputLimit": {
            "value": ""
          },
          "disablePlacement": {
            "fixedValue": false
          },
          "id": 1,
          "disablePickup": {
            "fixedValue": false
          },
          "dropItemsWhenNotBound": true,
          "x": 228,
          "y": 80
        }
      },
      {
        "type": "outputslot",
        "data": {
          "id": 2,
          "disablePickup": {
            "fixedValue": false
          },
          "dropItemsWhenNotBound": true,
          "x": 267,
          "y": 81
        }
      },
      {
        "type": "image",
        "data": {
          "image": "cross.png",
          "use1Xscale": false,
          "x": 210,
          "y": 80
        }
      },
      {
        "type": "image",
        "data": {
          "image": "arrow.png",
          "use1Xscale": false,
          "x": 249,
          "y": 81
        }
      },
      {
        "type": "label",
        "data": {
          "name": "label_alchemy_table",
          "text": {
            "fixedValue": "Alchemy Table"
          },
          "color": {
            "value": -3407668,
            "falpha": 0.0
          },
          "x": 184,
          "y": 58
        }
      },
      {
        "type": "image",
        "data": {
          "image": "texture.png",
          "use1Xscale": false,
          "x": 158,
          "y": 54
        }
      },
      {
        "type": "image",
        "data": {
          "image": "book.png",
          "use1Xscale": false,
          "x": -17,
          "y": 29
        }
      },
      {
        "type": "image",
        "data": {
          "image": "ore_gif.png",
          "use1Xscale": false,
          "x": 87,
          "y": 56
        }
      },
      {
        "type": "image",
        "data": {
          "image": "amethystdust.png",
          "use1Xscale": false,
          "x": 39,
          "y": 171
        }
      },
      {
        "type": "label",
        "data": {
          "name": "label_8",
          "text": {
            "fixedValue": "8"
          },
          "color": {
            "value": -16777216,
            "falpha": 0.0
          },
          "x": 51,
          "y": 177
        }
      },
      {
        "type": "image",
        "data": {
          "image": "arroww.png",
          "use1Xscale": false,
          "x": 62,
          "y": 171
        }
      },
      {
        "type": "image",
        "data": {
          "image": "arroww.png",
          "use1Xscale": false,
          "x": 62,
          "y": 137
        }
      },
      {
        "type": "image",
        "data": {
          "image": "amethystdust.png",
          "use1Xscale": false,
          "x": 39,
          "y": 137
        }
      },
      {
        "type": "label",
        "data": {
          "name": "label_15",
          "text": {
            "fixedValue": "15"
          },
          "color": {
            "value": -16777216,
            "falpha": 0.0
          },
          "x": 47,
          "y": 143
        }
      },
      {
        "type": "image",
        "data": {
          "image": "arroww.png",
          "use1Xscale": false,
          "x": 62,
          "y": 57
        }
      },
      {
        "type": "image",
        "data": {
          "image": "amethystdust.png",
          "use1Xscale": false,
          "x": 39,
          "y": 57
        }
      },
      {
        "type": "label",
        "data": {
          "name": "label_4",
          "text": {
            "fixedValue": "4"
          },
          "color": {
            "value": -16777216,
            "falpha": 0.0
          },
          "x": 52,
          "y": 64
        }
      },
      {
        "type": "image",
        "data": {
          "image": "arroww.png",
          "use1Xscale": false,
          "x": 62,
          "y": 154
        }
      },
      {
        "type": "image",
        "data": {
          "image": "amethystdust.png",
          "use1Xscale": false,
          "x": 40,
          "y": 153
        }
      },
      {
        "type": "label",
        "data": {
          "name": "label_10",
          "text": {
            "fixedValue": "10"
          },
          "color": {
            "value": -16777216,
            "falpha": 0.0
          },
          "x": 48,
          "y": 159
        }
      },
      {
        "type": "image",
        "data": {
          "image": "arroww.png",
          "use1Xscale": false,
          "x": 62,
          "y": 89
        }
      },
      {
        "type": "image",
        "data": {
          "image": "amethystdust.png",
          "use1Xscale": false,
          "x": 39,
          "y": 89
        }
      },
      {
        "type": "label",
        "data": {
          "name": "label_6",
          "text": {
            "fixedValue": "6"
          },
          "color": {
            "value": -16777216,
            "falpha": 0.0
          },
          "x": 51,
          "y": 95
        }
      },
      {
        "type": "image",
        "data": {
          "image": "arroww.png",
          "use1Xscale": false,
          "x": 62,
          "y": 73
        }
      },
      {
        "type": "image",
        "data": {
          "image": "amethystdust.png",
          "use1Xscale": false,
          "x": 39,
          "y": 73
        }
      },
      {
        "type": "label",
        "data": {
          "name": "label_2",
          "text": {
            "fixedValue": "2"
          },
          "color": {
            "value": -16777216,
            "falpha": 0.0
          },
          "x": 52,
          "y": 78
        }
      },
      {
        "type": "image",
        "data": {
          "image": "arroww.png",
          "use1Xscale": false,
          "x": 62,
          "y": 105
        }
      },
      {
        "type": "image",
        "data": {
          "image": "amethystdust.png",
          "use1Xscale": false,
          "x": 40,
          "y": 104
        }
      },
      {
        "type": "label",
        "data": {
          "name": "label_32",
          "text": {
            "fixedValue": "32"
          },
          "color": {
            "value": -16777216,
            "falpha": 0.0
          },
          "x": 49,
          "y": 110
        }
      },
      {
        "type": "image",
        "data": {
          "image": "arroww.png",
          "use1Xscale": false,
          "x": 62,
          "y": 120
        }
      },
      {
        "type": "image",
        "data": {
          "image": "amethystdust.png",
          "use1Xscale": false,
          "x": 39,
          "y": 120
        }
      },
      {
        "type": "label",
        "data": {
          "name": "label_24",
          "text": {
            "fixedValue": "24"
          },
          "color": {
            "value": -16777216,
            "falpha": 0.0
          },
          "x": 49,
          "y": 126
        }
      }
    ],
    "onClosed": {
      "name": "AlchemytableguiThisGUIIsClosed"
    },
    "gridSettings": {
      "sx": 18,
      "sy": 18,
      "ox": 11,
      "oy": 15,
      "snapOnGrid": false
    }
  }
}