{
  "_fv": 39,
  "_type": "recipe",
  "definition": {
    "recipeType": "Crafting",
    "xpReward": 0.0,
    "cookingTime": 200,
    "recipeRetstackSize": 1,
    "group": "",
    "recipeShapeless": false,
    "recipeSlots": [
      {
        "value": "Items.STRING"
      },
      {
        "value": "Items.GOLDEN_APPLE#0"
      },
      {
        "value": "Items.STRING"
      },
      {
        "value": "Items.AMETHYST_SHARD"
      },
      {
        "value": ""
      },
      {
        "value": "Items.AMETHYST_SHARD"
      },
      {
        "value": ""
      },
      {
        "value": "Items.AMETHYST_SHARD"
      },
      {
        "value": ""
      }
    ],
    "recipeReturnStack": {
      "value": "CUSTOM:Amethystnecklace.body"
    },
    "name": "amethystmagicnecklace",
    "namespace": "minecraft"
  }
}