{
  "_fv": 39,
  "_type": "recipe",
  "definition": {
    "recipeType": "Crafting",
    "xpReward": 0.0,
    "cookingTime": 200,
    "recipeRetstackSize": 1,
    "group": "",
    "recipeShapeless": false,
    "recipeSlots": [
      {
        "value": ""
      },
      {
        "value": "Blocks.COBBLESTONE_WALL"
      },
      {
        "value": "Blocks.STONE#0"
      },
      {
        "value": "Blocks.COBBLESTONE_WALL#0"
      },
      {
        "value": "CUSTOM:Amethystdust"
      },
      {
        "value": "Blocks.STONE#0"
      },
      {
        "value": "Blocks.STONE#0"
      },
      {
        "value": "Blocks.STONE#0"
      },
      {
        "value": "Blocks.PLANKS"
      }
    ],
    "recipeReturnStack": {
      "value": "CUSTOM:Amethystswordhandle"
    },
    "name": "amethystswordhandlerecipe",
    "namespace": "mod"
  }
}