{
  "_fv": 39,
  "_type": "achievement",
  "definition": {
    "achievementName": "Caves",
    "achievementDescription": "20+ quest in the caves",
    "achievementIcon": {
      "value": "Blocks.DEEPSLATE_IRON_ORE"
    },
    "background": "Default",
    "disableDisplay": false,
    "showPopup": true,
    "announceToChat": true,
    "hideIfNotCompleted": true,
    "rewardLoot": [],
    "rewardRecipes": [],
    "rewardFunction": "No function",
    "rewardXP": 0,
    "achievementType": "task",
    "parent": {
      "value": "CUSTOM:Quest"
    },
    "triggerxml": "<xml xmlns=\"https://developers.google.com/blockly/xml\"><block type=\"biome_entered\" x=\"162\" y=\"152\"><field name=\"biome\">lush_caves</field><next><block type=\"advancement_trigger\" deletable=\"false\"></block></next></block></xml>"
  }
}