{
  "_fv": 39,
  "_type": "recipe",
  "definition": {
    "recipeType": "Crafting",
    "xpReward": 0.0,
    "cookingTime": 200,
    "recipeRetstackSize": 1,
    "group": "",
    "recipeShapeless": false,
    "recipeSlots": [
      {
        "value": "CUSTOM:Coppergear"
      },
      {
        "value": ""
      },
      {
        "value": ""
      },
      {
        "value": "Items.COPPER_INGOT"
      },
      {
        "value": ""
      },
      {
        "value": ""
      },
      {
        "value": "Blocks.COPPER_BLOCK"
      },
      {
        "value": ""
      },
      {
        "value": ""
      }
    ],
    "recipeReturnStack": {
      "value": "CUSTOM:Copperarmorleft.body"
    },
    "name": "copperleftarmrecipe",
    "namespace": "mod"
  }
}