{
  "_fv": 39,
  "_type": "recipe",
  "definition": {
    "recipeType": "Crafting",
    "xpReward": 0.0,
    "cookingTime": 200,
    "recipeRetstackSize": 1,
    "group": "",
    "recipeShapeless": false,
    "recipeSlots": [
      {
        "value": ""
      },
      {
        "value": ""
      },
      {
        "value": ""
      },
      {
        "value": "CUSTOM:Copperarmorleft.body"
      },
      {
        "value": "CUSTOM:Coppercenterpiece.body"
      },
      {
        "value": "CUSTOM:Copperarmorright.body"
      },
      {
        "value": ""
      },
      {
        "value": ""
      },
      {
        "value": ""
      }
    ],
    "recipeReturnStack": {
      "value": "CUSTOM:Copperarmor.body"
    },
    "name": "copperchestplaterecipe",
    "namespace": "mod"
  }
}