{
  "_fv": 39,
  "_type": "recipe",
  "definition": {
    "recipeType": "Crafting",
    "xpReward": 0.0,
    "cookingTime": 200,
    "recipeRetstackSize": 1,
    "group": "",
    "recipeShapeless": false,
    "recipeSlots": [
      {
        "value": ""
      },
      {
        "value": "Blocks.AMETHYST_BLOCK"
      },
      {
        "value": ""
      },
      {
        "value": "Items.AMETHYST_SHARD"
      },
      {
        "value": "Items.EMERALD"
      },
      {
        "value": "Items.AMETHYST_SHARD"
      },
      {
        "value": "CUSTOM:Amethystdust"
      },
      {
        "value": "Items.WHEAT_SEEDS"
      },
      {
        "value": "CUSTOM:Amethystdust"
      }
    ],
    "recipeReturnStack": {
      "value": "CUSTOM:Magicalcropgrower"
    },
    "name": "cropgrowerrecipe",
    "namespace": "minecraft"
  }
}