{
  "_fv": 39,
  "_type": "item",
  "definition": {
    "renderType": 0,
    "texture": "glow_berry_juice__jar",
    "customModelName": "Normal",
    "name": "Glow berry juice",
    "rarity": "COMMON",
    "creativeTab": {
      "value": "MISC"
    },
    "stackSize": 64,
    "enchantability": 0,
    "useDuration": 32,
    "toolType": 1.0,
    "damageCount": 0,
    "recipeRemainder": {
      "value": ""
    },
    "destroyAnyBlock": false,
    "immuneToFire": false,
    "stayInGridWhenCrafting": false,
    "damageOnCrafting": false,
    "enableMeleeDamage": false,
    "damageVsEntity": 0.0,
    "specialInfo": [],
    "hasGlow": false,
    "guiBoundTo": "<NONE>",
    "inventorySize": 9,
    "inventoryStackSize": 64,
    "onRightClickedOnBlock": {
      "name": "EmptyjarRightclickedOnBlock"
    },
    "isFood": true,
    "nutritionalValue": 4,
    "saturation": 0.3,
    "eatResultItem": {
      "value": "CUSTOM:Emptyjarblock"
    },
    "isMeat": false,
    "isAlwaysEdible": true,
    "animation": "drink"
  }
}