{
  "_fv": 39,
  "_type": "recipe",
  "definition": {
    "recipeType": "Crafting",
    "xpReward": 0.0,
    "cookingTime": 200,
    "recipeRetstackSize": 2,
    "group": "",
    "recipeShapeless": false,
    "recipeSlots": [
      {
        "value": ""
      },
      {
        "value": "Items.PAPER"
      },
      {
        "value": ""
      },
      {
        "value": "Blocks.WOOL#7"
      },
      {
        "value": "Blocks.WOOL#7"
      },
      {
        "value": ""
      },
      {
        "value": ""
      },
      {
        "value": ""
      },
      {
        "value": ""
      }
    ],
    "recipeReturnStack": {
      "value": "CUSTOM:Graywoolpatch"
    },
    "name": "graywoolpatchrecipe",
    "namespace": "mod"
  }
}