{
  "_fv": 43,
  "_type": "procedure",
  "definition": {
    "procedurexml": "<?xml version=\"1.0\" encoding=\"UTF-8\" standalone=\"no\"?><xml xmlns=\"https://developers.google.com/blockly/xml\"><block collapsed=\"true\" deletable=\"false\" type=\"event_trigger\" x=\"107\" y=\"-16\"><field name=\"trigger\">no_ext_trigger</field><next><block collapsed=\"true\" type=\"controls_if\"><comment h=\"80\" pinned=\"false\" w=\"160\">quest1</comment><value name=\"IF0\"><block type=\"logic_negate\"><value name=\"BOOL\"><block type=\"entity_has_achievement\"><field name=\"achievement\">CUSTOM:Quest1</field><value name=\"entity\"><block type=\"source_entity_from_deps\"/></value></block></value></block></value><statement name=\"DO0\"><block type=\"controls_if\"><value name=\"IF0\"><block type=\"logic_binary_ops\"><field name=\"OP\">EQ</field><value name=\"A\"><block type=\"entity_nbt_logic_get\"><value name=\"entity\"><block type=\"source_entity_from_deps\"/></value><value name=\"tagName\"><block type=\"text\"><field name=\"TEXT\">accepted1</field></block></value></block></value><value name=\"B\"><block type=\"logic_boolean\"><field name=\"BOOL\">TRUE</field></block></value></block></value><statement name=\"DO0\"><block type=\"controls_if\"><value name=\"IF0\"><block type=\"compare_mcitems\"><value name=\"a\"><block type=\"entity_iteminhand\"><value name=\"entity\"><block type=\"source_entity_from_deps\"/></value></block></value><value name=\"b\"><block type=\"mcitem_all\"><field name=\"value\">Items.AMETHYST_SHARD</field></block></value></block></value><statement name=\"DO0\"><block type=\"controls_if\"><value name=\"IF0\"><block type=\"math_binary_ops\"><field name=\"OP\">GTE</field><value name=\"A\"><block type=\"itemstack_get_count\"><value name=\"item\"><block type=\"itemstack_to_mcitem\"/></value></block></value><value name=\"B\"><block type=\"math_number\"><field name=\"NUM\">5</field></block></value></block></value><statement name=\"DO0\"><block type=\"execute_command\"><value name=\"command\"><block type=\"text\"><field name=\"TEXT\">tellraw @p [\"\",{\"text\":\"[Jeweler]\",\"color\":\"light_purple\"},{\"text\":\" tu les as trouvé! merci a toi, voila ta récompense!\",\"color\":\"black\"}]</field></block></value><value name=\"x\"><block type=\"coord_x\"/></value><value name=\"y\"><block type=\"coord_y\"/></value><value name=\"z\"><block type=\"coord_z\"/></value><next><block type=\"play_sound\"><field name=\"sound\">entity.villager.celebrate</field><field name=\"soundcategory\">neutral</field><value name=\"x\"><block type=\"coord_x\"/></value><value name=\"y\"><block type=\"coord_y\"/></value><value name=\"z\"><block type=\"coord_z\"/></value><value name=\"level\"><block type=\"math_number\"><field name=\"NUM\">3</field></block></value><value name=\"pitch\"><block type=\"math_number\"><field name=\"NUM\">1</field></block></value><next><block type=\"entity_add_achievement\"><field name=\"achievement\">CUSTOM:Quest1</field><value name=\"entity\"><block type=\"source_entity_from_deps\"/></value><next><block type=\"entity_set_mainhand_item\"><value name=\"entity\"><block type=\"source_entity_from_deps\"/></value><value name=\"amount\"><block type=\"math_number\"><field name=\"NUM\">1</field></block></value><value name=\"item\"><block type=\"mcitem_all\"><field name=\"value\">CUSTOM:Amethystnecklace.body</field></block></value></block></next></block></next></block></next></block></statement></block></statement></block></statement><next><block collapsed=\"true\" type=\"controls_if\"><value name=\"IF0\"><block type=\"logic_binary_ops\"><field name=\"OP\">EQ</field><value name=\"A\"><block type=\"entity_nbt_logic_get\"><value name=\"entity\"><block type=\"source_entity_from_deps\"/></value><value name=\"tagName\"><block type=\"text\"><field name=\"TEXT\">accepted1</field></block></value></block></value><value name=\"B\"><block type=\"logic_boolean\"><field name=\"BOOL\">FALSE</field></block></value></block></value><statement name=\"DO0\"><block collapsed=\"true\" type=\"controls_if\"><value name=\"IF0\"><block type=\"logic_binary_ops\"><field name=\"OP\">EQ</field><value name=\"A\"><block type=\"entity_nbt_logic_get\"><value name=\"entity\"><block type=\"entity_from_deps\"/></value><value name=\"tagName\"><block type=\"text\"><field name=\"TEXT\">quest1</field></block></value></block></value><value name=\"B\"><block type=\"logic_boolean\"><field name=\"BOOL\">TRUE</field></block></value></block></value><statement name=\"DO0\"><block type=\"entity_nbt_logic_set\"><value name=\"entity\"><block type=\"source_entity_from_deps\"/></value><value name=\"tagName\"><block type=\"text\"><field name=\"TEXT\">accepted1</field></block></value><value name=\"tagValue\"><block type=\"logic_boolean\"><field name=\"BOOL\">TRUE</field></block></value><next><block type=\"execute_command\"><value name=\"command\"><block type=\"text\"><field name=\"TEXT\">tellraw @p [\"\",{\"text\":\"[Jeweler]\",\"color\":\"light_purple\"},{\"text\":\" salut toi!\",\"color\":\"black\"}]</field></block></value><value name=\"x\"><block type=\"coord_x\"/></value><value name=\"y\"><block type=\"coord_y\"/></value><value name=\"z\"><block type=\"coord_z\"/></value><next><block type=\"play_sound\"><field name=\"sound\">entity.villager.yes</field><field name=\"soundcategory\">neutral</field><value name=\"x\"><block type=\"coord_x\"/></value><value name=\"y\"><block type=\"coord_y\"/></value><value name=\"z\"><block type=\"coord_z\"/></value><value name=\"level\"><block type=\"math_number\"><field name=\"NUM\">3</field></block></value><value name=\"pitch\"><block type=\"math_number\"><field name=\"NUM\">1</field></block></value><next><block type=\"wait\"><value name=\"ticks\"><block type=\"math_number\"><field name=\"NUM\">20</field></block></value><statement name=\"do\"><block type=\"execute_command\"><value name=\"command\"><block type=\"text\"><field name=\"TEXT\">tellraw @p [\"\",{\"text\":\"[Jeweler]\",\"color\":\"light_purple\"},{\"text\":\" pourrais tu m'aider?\",\"color\":\"black\"}]</field></block></value><value name=\"x\"><block type=\"coord_x\"/></value><value name=\"y\"><block type=\"coord_y\"/></value><value name=\"z\"><block type=\"coord_z\"/></value><next><block type=\"play_sound\"><field name=\"sound\">entity.villager.ambient</field><field name=\"soundcategory\">neutral</field><value name=\"x\"><block type=\"coord_x\"/></value><value name=\"y\"><block type=\"coord_y\"/></value><value name=\"z\"><block type=\"coord_z\"/></value><value name=\"level\"><block type=\"math_number\"><field name=\"NUM\">3</field></block></value><value name=\"pitch\"><block type=\"math_number\"><field name=\"NUM\">1</field></block></value><next><block type=\"wait\"><value name=\"ticks\"><block type=\"math_number\"><field name=\"NUM\">20</field></block></value><statement name=\"do\"><block type=\"execute_command\"><value name=\"command\"><block type=\"text\"><field name=\"TEXT\">tellraw @p [\"\",{\"text\":\"[Jeweler]\",\"color\":\"light_purple\"},{\"text\":\" jai besoin de \",\"color\":\"black\"},{\"text\":\"x 5 éclat d'amethyste!\",\"color\":\"light_purple\"}]</field></block></value><value name=\"x\"><block type=\"coord_x\"/></value><value name=\"y\"><block type=\"coord_y\"/></value><value name=\"z\"><block type=\"coord_z\"/></value><next><block type=\"play_sound\"><field name=\"sound\">entity.villager.yes</field><field name=\"soundcategory\">neutral</field><value name=\"x\"><block type=\"coord_x\"/></value><value name=\"y\"><block type=\"coord_y\"/></value><value name=\"z\"><block type=\"coord_z\"/></value><value name=\"level\"><block type=\"math_number\"><field name=\"NUM\">3</field></block></value><value name=\"pitch\"><block type=\"math_number\"><field name=\"NUM\">1</field></block></value><next><block type=\"wait\"><value name=\"ticks\"><block type=\"math_number\"><field name=\"NUM\">20</field></block></value><statement name=\"do\"><block type=\"execute_command\"><value name=\"command\"><block type=\"text\"><field name=\"TEXT\">tellraw @p [\"\",{\"text\":\"[Jeweler]\",\"color\":\"light_purple\"},{\"text\":\" en échange je t'offrirais un joli \",\"color\":\"black\"},{\"text\":\"colier magique d'amethyste\",\"color\":\"light_purple\"}]</field></block></value><value name=\"x\"><block type=\"coord_x\"/></value><value name=\"y\"><block type=\"coord_y\"/></value><value name=\"z\"><block type=\"coord_z\"/></value><next><block type=\"play_sound\"><field name=\"sound\">entity.villager.ambient</field><field name=\"soundcategory\">neutral</field><value name=\"x\"><block type=\"coord_x\"/></value><value name=\"y\"><block type=\"coord_y\"/></value><value name=\"z\"><block type=\"coord_z\"/></value><value name=\"level\"><block type=\"math_number\"><field name=\"NUM\">3</field></block></value><value name=\"pitch\"><block type=\"math_number\"><field name=\"NUM\">1</field></block></value><next><block type=\"wait\"><value name=\"ticks\"><block type=\"math_number\"><field name=\"NUM\">20</field></block></value><statement name=\"do\"><block type=\"execute_command\"><value name=\"command\"><block type=\"text\"><field name=\"TEXT\">tellraw @p [\"\",{\"text\":\"[Jeweler]\",\"color\":\"light_purple\"},{\"text\":\" merci beaucoup!\",\"color\":\"black\"}]</field></block></value><value name=\"x\"><block type=\"coord_x\"/></value><value name=\"y\"><block type=\"coord_y\"/></value><value name=\"z\"><block type=\"coord_z\"/></value><next><block type=\"play_sound\"><field name=\"sound\">entity.villager.ambient</field><field name=\"soundcategory\">neutral</field><value name=\"x\"><block type=\"coord_x\"/></value><value name=\"y\"><block type=\"coord_y\"/></value><value name=\"z\"><block type=\"coord_z\"/></value><value name=\"level\"><block type=\"math_number\"><field name=\"NUM\">3</field></block></value><value name=\"pitch\"><block type=\"math_number\"><field name=\"NUM\">1</field></block></value></block></next></block></statement></block></next></block></next></block></statement></block></next></block></next></block></statement></block></next></block></next></block></statement></block></next></block></next></block></next></block></statement></block></statement></block></next></block></statement><next><block collapsed=\"true\" type=\"controls_if\"><value name=\"IF0\"><block type=\"logic_binary_ops\"><field name=\"OP\">EQ</field><value name=\"A\"><block type=\"entity_nbt_logic_get\"><value name=\"entity\"><block type=\"entity_from_deps\"/></value><value name=\"tagName\"><block type=\"text\"><field name=\"TEXT\">quest1</field></block></value></block></value><value name=\"B\"><block type=\"logic_boolean\"><field name=\"BOOL\">TRUE</field></block></value></block></value><statement name=\"DO0\"><block type=\"controls_if\"><value name=\"IF0\"><block type=\"entity_has_achievement\"><field name=\"achievement\">CUSTOM:Quest1</field><value name=\"entity\"><block type=\"source_entity_from_deps\"/></value></block></value><statement name=\"DO0\"><block type=\"execute_command\"><value name=\"command\"><block type=\"text\"><field name=\"TEXT\">tellraw @p [\"\",{\"text\":\"[Jeweler]\",\"color\":\"light_purple\"},{\"text\":\" ton aide etait la bienvenue!\",\"color\":\"black\"}]</field></block></value><value name=\"x\"><block type=\"coord_x\"/></value><value name=\"y\"><block type=\"coord_y\"/></value><value name=\"z\"><block type=\"coord_z\"/></value></block></statement></block></statement><next><block collapsed=\"true\" type=\"controls_if\"><comment h=\"80\" pinned=\"false\" w=\"160\">quest2</comment><value name=\"IF0\"><block type=\"logic_negate\"><value name=\"BOOL\"><block type=\"entity_has_achievement\"><field name=\"achievement\">CUSTOM:Quest2</field><value name=\"entity\"><block type=\"source_entity_from_deps\"/></value></block></value></block></value><statement name=\"DO0\"><block type=\"controls_if\"><value name=\"IF0\"><block type=\"logic_binary_ops\"><field name=\"OP\">EQ</field><value name=\"A\"><block type=\"entity_nbt_logic_get\"><value name=\"entity\"><block type=\"source_entity_from_deps\"/></value><value name=\"tagName\"><block type=\"text\"><field name=\"TEXT\">accepted2</field></block></value></block></value><value name=\"B\"><block type=\"logic_boolean\"><field name=\"BOOL\">TRUE</field></block></value></block></value><statement name=\"DO0\"><block type=\"controls_if\"><value name=\"IF0\"><block type=\"compare_mcitems\"><value name=\"a\"><block type=\"entity_iteminhand\"><value name=\"entity\"><block type=\"source_entity_from_deps\"/></value></block></value><value name=\"b\"><block type=\"mcitem_all\"><field name=\"value\">CUSTOM:Hermitcrabscut</field></block></value></block></value><statement name=\"DO0\"><block type=\"controls_if\"><value name=\"IF0\"><block type=\"math_binary_ops\"><field name=\"OP\">GTE</field><value name=\"A\"><block type=\"itemstack_get_count\"><value name=\"item\"><block type=\"itemstack_to_mcitem\"/></value></block></value><value name=\"B\"><block type=\"math_number\"><field name=\"NUM\">7</field></block></value></block></value><statement name=\"DO0\"><block type=\"execute_command\"><value name=\"command\"><block type=\"text\"><field name=\"TEXT\">tellraw @p [\"\",{\"text\":\"[Brewer]\",\"color\":\"dark_green\"},{\"text\":\" tu as reussi a t'en procurer? trés bien! voila ta récompense\",\"color\":\"black\"}]</field></block></value><value name=\"x\"><block type=\"coord_x\"/></value><value name=\"y\"><block type=\"coord_y\"/></value><value name=\"z\"><block type=\"coord_z\"/></value><next><block type=\"play_sound\"><field name=\"sound\">entity.villager.celebrate</field><field name=\"soundcategory\">neutral</field><value name=\"x\"><block type=\"coord_x\"/></value><value name=\"y\"><block type=\"coord_y\"/></value><value name=\"z\"><block type=\"coord_z\"/></value><value name=\"level\"><block type=\"math_number\"><field name=\"NUM\">3</field></block></value><value name=\"pitch\"><block type=\"math_number\"><field name=\"NUM\">1</field></block></value><next><block type=\"entity_add_achievement\"><field name=\"achievement\">CUSTOM:Quest2</field><value name=\"entity\"><block type=\"source_entity_from_deps\"/></value><next><block type=\"entity_set_mainhand_item\"><value name=\"entity\"><block type=\"source_entity_from_deps\"/></value><value name=\"amount\"><block type=\"math_number\"><field name=\"NUM\">1</field></block></value><value name=\"item\"><block type=\"mcitem_all\"><field name=\"value\">CUSTOM:Alchemytable</field></block></value></block></next></block></next></block></next></block></statement></block></statement></block></statement><next><block type=\"controls_if\"><value name=\"IF0\"><block type=\"logic_binary_ops\"><field name=\"OP\">EQ</field><value name=\"A\"><block type=\"entity_nbt_logic_get\"><value name=\"entity\"><block type=\"source_entity_from_deps\"/></value><value name=\"tagName\"><block type=\"text\"><field name=\"TEXT\">accepted2</field></block></value></block></value><value name=\"B\"><block type=\"logic_boolean\"><field name=\"BOOL\">FALSE</field></block></value></block></value><statement name=\"DO0\"><block type=\"controls_if\"><value name=\"IF0\"><block type=\"logic_binary_ops\"><field name=\"OP\">EQ</field><value name=\"A\"><block type=\"entity_nbt_logic_get\"><value name=\"entity\"><block type=\"entity_from_deps\"/></value><value name=\"tagName\"><block type=\"text\"><field name=\"TEXT\">quest2</field></block></value></block></value><value name=\"B\"><block type=\"logic_boolean\"><field name=\"BOOL\">TRUE</field></block></value></block></value><statement name=\"DO0\"><block type=\"entity_nbt_logic_set\"><value name=\"entity\"><block type=\"source_entity_from_deps\"/></value><value name=\"tagName\"><block type=\"text\"><field name=\"TEXT\">accepted2</field></block></value><value name=\"tagValue\"><block type=\"logic_boolean\"><field name=\"BOOL\">TRUE</field></block></value><next><block type=\"execute_command\"><value name=\"command\"><block type=\"text\"><field name=\"TEXT\">tellraw @p [\"\",{\"text\":\"[Brewer]\",\"color\":\"dark_green\"},{\"text\":\" Bonjour jeune aventurier.e!\",\"color\":\"black\"}]</field></block></value><value name=\"x\"><block type=\"coord_x\"/></value><value name=\"y\"><block type=\"coord_y\"/></value><value name=\"z\"><block type=\"coord_z\"/></value><next><block type=\"play_sound\"><field name=\"sound\">entity.villager.yes</field><field name=\"soundcategory\">neutral</field><value name=\"x\"><block type=\"coord_x\"/></value><value name=\"y\"><block type=\"coord_y\"/></value><value name=\"z\"><block type=\"coord_z\"/></value><value name=\"level\"><block type=\"math_number\"><field name=\"NUM\">3</field></block></value><value name=\"pitch\"><block type=\"math_number\"><field name=\"NUM\">1</field></block></value><next><block type=\"wait\"><value name=\"ticks\"><block type=\"math_number\"><field name=\"NUM\">20</field></block></value><statement name=\"do\"><block type=\"execute_command\"><value name=\"command\"><block type=\"text\"><field name=\"TEXT\">tellraw @p [\"\",{\"text\":\"[Brewer]\",\"color\":\"dark_green\"},{\"text\":\" Pourriez vous me donnez un coup de main?\",\"color\":\"black\"}]</field></block></value><value name=\"x\"><block type=\"coord_x\"/></value><value name=\"y\"><block type=\"coord_y\"/></value><value name=\"z\"><block type=\"coord_z\"/></value><next><block type=\"play_sound\"><field name=\"sound\">entity.villager.ambient</field><field name=\"soundcategory\">neutral</field><value name=\"x\"><block type=\"coord_x\"/></value><value name=\"y\"><block type=\"coord_y\"/></value><value name=\"z\"><block type=\"coord_z\"/></value><value name=\"level\"><block type=\"math_number\"><field name=\"NUM\">3</field></block></value><value name=\"pitch\"><block type=\"math_number\"><field name=\"NUM\">1</field></block></value><next><block type=\"wait\"><value name=\"ticks\"><block type=\"math_number\"><field name=\"NUM\">20</field></block></value><statement name=\"do\"><block type=\"execute_command\"><value name=\"command\"><block type=\"text\"><field name=\"TEXT\">tellraw @p [\"\",{\"text\":\"[Brewer]\",\"color\":\"dark_green\"},{\"text\":\" Il faudrait que vous vous procuriez \",\"color\":\"black\"},{\"text\":\"x7 ecaille de bernard l'hermite \",\"color\":\"gold\"},{\"text\":\"pour moi.\",\"color\":\"black\"}]</field></block></value><value name=\"x\"><block type=\"coord_x\"/></value><value name=\"y\"><block type=\"coord_y\"/></value><value name=\"z\"><block type=\"coord_z\"/></value><next><block type=\"play_sound\"><field name=\"sound\">entity.villager.yes</field><field name=\"soundcategory\">neutral</field><value name=\"x\"><block type=\"coord_x\"/></value><value name=\"y\"><block type=\"coord_y\"/></value><value name=\"z\"><block type=\"coord_z\"/></value><value name=\"level\"><block type=\"math_number\"><field name=\"NUM\">3</field></block></value><value name=\"pitch\"><block type=\"math_number\"><field name=\"NUM\">1</field></block></value><next><block type=\"wait\"><value name=\"ticks\"><block type=\"math_number\"><field name=\"NUM\">20</field></block></value><statement name=\"do\"><block type=\"execute_command\"><value name=\"command\"><block type=\"text\"><field name=\"TEXT\">tellraw @p [\"\",{\"text\":\"[Brewer]\",\"color\":\"dark_green\"},{\"text\":\" une jolie récompense vous attend a la fin!\",\"color\":\"black\"}]</field></block></value><value name=\"x\"><block type=\"coord_x\"/></value><value name=\"y\"><block type=\"coord_y\"/></value><value name=\"z\"><block type=\"coord_z\"/></value><next><block type=\"play_sound\"><field name=\"sound\">entity.villager.ambient</field><field name=\"soundcategory\">neutral</field><value name=\"x\"><block type=\"coord_x\"/></value><value name=\"y\"><block type=\"coord_y\"/></value><value name=\"z\"><block type=\"coord_z\"/></value><value name=\"level\"><block type=\"math_number\"><field name=\"NUM\">3</field></block></value><value name=\"pitch\"><block type=\"math_number\"><field name=\"NUM\">1</field></block></value><next><block type=\"wait\"><value name=\"ticks\"><block type=\"math_number\"><field name=\"NUM\">20</field></block></value><statement name=\"do\"><block type=\"execute_command\"><value name=\"command\"><block type=\"text\"><field name=\"TEXT\">tellraw @p [\"\",{\"text\":\"[Brewer]\",\"color\":\"dark_green\"},{\"text\":\" merci d'avoir accepté!\",\"color\":\"black\"}]</field></block></value><value name=\"x\"><block type=\"coord_x\"/></value><value name=\"y\"><block type=\"coord_y\"/></value><value name=\"z\"><block type=\"coord_z\"/></value><next><block type=\"play_sound\"><field name=\"sound\">entity.villager.ambient</field><field name=\"soundcategory\">neutral</field><value name=\"x\"><block type=\"coord_x\"/></value><value name=\"y\"><block type=\"coord_y\"/></value><value name=\"z\"><block type=\"coord_z\"/></value><value name=\"level\"><block type=\"math_number\"><field name=\"NUM\">3</field></block></value><value name=\"pitch\"><block type=\"math_number\"><field name=\"NUM\">1</field></block></value></block></next></block></statement></block></next></block></next></block></statement></block></next></block></next></block></statement></block></next></block></next></block></statement></block></next></block></next></block></next></block></statement></block></statement></block></next></block></statement><next><block collapsed=\"true\" type=\"controls_if\"><value name=\"IF0\"><block type=\"logic_binary_ops\"><field name=\"OP\">EQ</field><value name=\"A\"><block type=\"entity_nbt_logic_get\"><value name=\"entity\"><block type=\"entity_from_deps\"/></value><value name=\"tagName\"><block type=\"text\"><field name=\"TEXT\">quest2</field></block></value></block></value><value name=\"B\"><block type=\"logic_boolean\"><field name=\"BOOL\">TRUE</field></block></value></block></value><statement name=\"DO0\"><block type=\"controls_if\"><value name=\"IF0\"><block type=\"entity_has_achievement\"><field name=\"achievement\">CUSTOM:Quest2</field><value name=\"entity\"><block type=\"source_entity_from_deps\"/></value></block></value><statement name=\"DO0\"><block type=\"execute_command\"><value name=\"command\"><block type=\"text\"><field name=\"TEXT\">tellraw @p [\"\",{\"text\":\"[Brewer]\",\"color\":\"dark_green\"},{\"text\":\" votre aide m'etait trés utile dans mes recherches\",\"color\":\"black\"}]</field></block></value><value name=\"x\"><block type=\"coord_x\"/></value><value name=\"y\"><block type=\"coord_y\"/></value><value name=\"z\"><block type=\"coord_z\"/></value></block></statement></block></statement><next><block collapsed=\"true\" type=\"controls_if\"><comment h=\"80\" pinned=\"false\" w=\"160\">quest2</comment><value name=\"IF0\"><block type=\"logic_negate\"><value name=\"BOOL\"><block type=\"entity_has_achievement\"><field name=\"achievement\">CUSTOM:Quest3</field><value name=\"entity\"><block type=\"source_entity_from_deps\"/></value></block></value></block></value><statement name=\"DO0\"><block type=\"controls_if\"><value name=\"IF0\"><block type=\"logic_binary_ops\"><field name=\"OP\">EQ</field><value name=\"A\"><block type=\"entity_nbt_logic_get\"><value name=\"entity\"><block type=\"source_entity_from_deps\"/></value><value name=\"tagName\"><block type=\"text\"><field name=\"TEXT\">accepted3</field></block></value></block></value><value name=\"B\"><block type=\"logic_boolean\"><field name=\"BOOL\">TRUE</field></block></value></block></value><statement name=\"DO0\"><block type=\"controls_if\"><value name=\"IF0\"><block type=\"compare_mcitems\"><value name=\"a\"><block type=\"entity_iteminhand\"><value name=\"entity\"><block type=\"source_entity_from_deps\"/></value></block></value><value name=\"b\"><block type=\"mcitem_all\"><field name=\"value\">Items.GLOW_BERRIES</field></block></value></block></value><statement name=\"DO0\"><block type=\"controls_if\"><value name=\"IF0\"><block type=\"math_binary_ops\"><field name=\"OP\">GTE</field><value name=\"A\"><block type=\"itemstack_get_count\"><value name=\"item\"><block type=\"itemstack_to_mcitem\"/></value></block></value><value name=\"B\"><block type=\"math_number\"><field name=\"NUM\">32</field></block></value></block></value><statement name=\"DO0\"><block type=\"execute_command\"><value name=\"command\"><block type=\"text\"><field name=\"TEXT\">/tellraw @a [\"\",{\"text\":\"[Barman]\",\"color\":\"gold\"},{\"text\":\" voila pour toi! passe boire un coup un de ces 4\",\"color\":\"black\"}]</field></block></value><value name=\"x\"><block type=\"coord_x\"/></value><value name=\"y\"><block type=\"coord_y\"/></value><value name=\"z\"><block type=\"coord_z\"/></value><next><block type=\"play_sound\"><field name=\"sound\">entity.villager.celebrate</field><field name=\"soundcategory\">neutral</field><value name=\"x\"><block type=\"coord_x\"/></value><value name=\"y\"><block type=\"coord_y\"/></value><value name=\"z\"><block type=\"coord_z\"/></value><value name=\"level\"><block type=\"math_number\"><field name=\"NUM\">3</field></block></value><value name=\"pitch\"><block type=\"math_number\"><field name=\"NUM\">1</field></block></value><next><block type=\"entity_add_achievement\"><field name=\"achievement\">CUSTOM:Quest3</field><value name=\"entity\"><block type=\"source_entity_from_deps\"/></value><next><block type=\"entity_set_mainhand_item\"><value name=\"entity\"><block type=\"source_entity_from_deps\"/></value><value name=\"amount\"><block type=\"math_number\"><field name=\"NUM\">1</field></block></value><value name=\"item\"><block type=\"mcitem_all\"><field name=\"value\">CUSTOM:Squeezer</field></block></value></block></next></block></next></block></next></block></statement></block></statement></block></statement><next><block type=\"controls_if\"><value name=\"IF0\"><block type=\"logic_binary_ops\"><field name=\"OP\">EQ</field><value name=\"A\"><block type=\"entity_nbt_logic_get\"><value name=\"entity\"><block type=\"source_entity_from_deps\"/></value><value name=\"tagName\"><block type=\"text\"><field name=\"TEXT\">accepted3</field></block></value></block></value><value name=\"B\"><block type=\"logic_boolean\"><field name=\"BOOL\">FALSE</field></block></value></block></value><statement name=\"DO0\"><block type=\"controls_if\"><value name=\"IF0\"><block type=\"logic_binary_ops\"><field name=\"OP\">EQ</field><value name=\"A\"><block type=\"entity_nbt_logic_get\"><value name=\"entity\"><block type=\"entity_from_deps\"/></value><value name=\"tagName\"><block type=\"text\"><field name=\"TEXT\">quest3</field></block></value></block></value><value name=\"B\"><block type=\"logic_boolean\"><field name=\"BOOL\">TRUE</field></block></value></block></value><statement name=\"DO0\"><block type=\"entity_nbt_logic_set\"><value name=\"entity\"><block type=\"source_entity_from_deps\"/></value><value name=\"tagName\"><block type=\"text\"><field name=\"TEXT\">accepted3</field></block></value><value name=\"tagValue\"><block type=\"logic_boolean\"><field name=\"BOOL\">TRUE</field></block></value><next><block type=\"execute_command\"><value name=\"command\"><block type=\"text\"><field name=\"TEXT\">/tellraw @a [\"\",{\"text\":\"[Barman]\",\"color\":\"gold\"},{\"text\":\" salut toi!\",\"color\":\"black\"}]</field></block></value><value name=\"x\"><block type=\"coord_x\"/></value><value name=\"y\"><block type=\"coord_y\"/></value><value name=\"z\"><block type=\"coord_z\"/></value><next><block type=\"play_sound\"><field name=\"sound\">entity.villager.yes</field><field name=\"soundcategory\">neutral</field><value name=\"x\"><block type=\"coord_x\"/></value><value name=\"y\"><block type=\"coord_y\"/></value><value name=\"z\"><block type=\"coord_z\"/></value><value name=\"level\"><block type=\"math_number\"><field name=\"NUM\">3</field></block></value><value name=\"pitch\"><block type=\"math_number\"><field name=\"NUM\">1</field></block></value><next><block type=\"wait\"><value name=\"ticks\"><block type=\"math_number\"><field name=\"NUM\">20</field></block></value><statement name=\"do\"><block type=\"execute_command\"><value name=\"command\"><block type=\"text\"><field name=\"TEXT\">/tellraw @a [\"\",{\"text\":\"[Barman]\",\"color\":\"gold\"},{\"text\":\" tu pourrais me donner une coup de main?\",\"color\":\"black\"}]</field></block></value><value name=\"x\"><block type=\"coord_x\"/></value><value name=\"y\"><block type=\"coord_y\"/></value><value name=\"z\"><block type=\"coord_z\"/></value><next><block type=\"play_sound\"><field name=\"sound\">entity.villager.ambient</field><field name=\"soundcategory\">neutral</field><value name=\"x\"><block type=\"coord_x\"/></value><value name=\"y\"><block type=\"coord_y\"/></value><value name=\"z\"><block type=\"coord_z\"/></value><value name=\"level\"><block type=\"math_number\"><field name=\"NUM\">3</field></block></value><value name=\"pitch\"><block type=\"math_number\"><field name=\"NUM\">1</field></block></value><next><block type=\"wait\"><value name=\"ticks\"><block type=\"math_number\"><field name=\"NUM\">20</field></block></value><statement name=\"do\"><block type=\"execute_command\"><value name=\"command\"><block type=\"text\"><field name=\"TEXT\">/tellraw @a [\"\",{\"text\":\"[Barman]\",\"color\":\"gold\"},{\"text\":\" mon stock de \",\"color\":\"black\"},{\"text\":\"glow berries\",\"color\":\"gold\"},{\"text\":\" est un peu en retard\",\"color\":\"black\"}]</field></block></value><value name=\"x\"><block type=\"coord_x\"/></value><value name=\"y\"><block type=\"coord_y\"/></value><value name=\"z\"><block type=\"coord_z\"/></value><next><block type=\"play_sound\"><field name=\"sound\">entity.villager.yes</field><field name=\"soundcategory\">neutral</field><value name=\"x\"><block type=\"coord_x\"/></value><value name=\"y\"><block type=\"coord_y\"/></value><value name=\"z\"><block type=\"coord_z\"/></value><value name=\"level\"><block type=\"math_number\"><field name=\"NUM\">3</field></block></value><value name=\"pitch\"><block type=\"math_number\"><field name=\"NUM\">1</field></block></value><next><block type=\"wait\"><value name=\"ticks\"><block type=\"math_number\"><field name=\"NUM\">20</field></block></value><statement name=\"do\"><block type=\"execute_command\"><value name=\"command\"><block type=\"text\"><field name=\"TEXT\">/tellraw @a [\"\",{\"text\":\"[Barman]\",\"color\":\"gold\"},{\"text\":\" tu pourrais t'en procurer \",\"color\":\"black\"},{\"text\":\"x32 glow berries\",\"bold\":true,\"color\":\"gold\"},{\"text\":\"? je te recompenserai genereusement!\",\"color\":\"black\"}]</field></block></value><value name=\"x\"><block type=\"coord_x\"/></value><value name=\"y\"><block type=\"coord_y\"/></value><value name=\"z\"><block type=\"coord_z\"/></value><next><block type=\"play_sound\"><field name=\"sound\">entity.villager.ambient</field><field name=\"soundcategory\">neutral</field><value name=\"x\"><block type=\"coord_x\"/></value><value name=\"y\"><block type=\"coord_y\"/></value><value name=\"z\"><block type=\"coord_z\"/></value><value name=\"level\"><block type=\"math_number\"><field name=\"NUM\">3</field></block></value><value name=\"pitch\"><block type=\"math_number\"><field name=\"NUM\">1</field></block></value><next><block type=\"wait\"><value name=\"ticks\"><block type=\"math_number\"><field name=\"NUM\">20</field></block></value><statement name=\"do\"><block type=\"execute_command\"><value name=\"command\"><block type=\"text\"><field name=\"TEXT\">/tellraw @a [\"\",{\"text\":\"[Barman]\",\"color\":\"gold\"},{\"text\":\" merci beaucoup! et a bientot!\",\"color\":\"black\"}]</field></block></value><value name=\"x\"><block type=\"coord_x\"/></value><value name=\"y\"><block type=\"coord_y\"/></value><value name=\"z\"><block type=\"coord_z\"/></value><next><block type=\"play_sound\"><field name=\"sound\">entity.villager.ambient</field><field name=\"soundcategory\">neutral</field><value name=\"x\"><block type=\"coord_x\"/></value><value name=\"y\"><block type=\"coord_y\"/></value><value name=\"z\"><block type=\"coord_z\"/></value><value name=\"level\"><block type=\"math_number\"><field name=\"NUM\">3</field></block></value><value name=\"pitch\"><block type=\"math_number\"><field name=\"NUM\">1</field></block></value></block></next></block></statement></block></next></block></next></block></statement></block></next></block></next></block></statement></block></next></block></next></block></statement></block></next></block></next></block></next></block></statement></block></statement></block></next></block></statement><next><block collapsed=\"true\" type=\"controls_if\"><value name=\"IF0\"><block type=\"logic_binary_ops\"><field name=\"OP\">EQ</field><value name=\"A\"><block type=\"entity_nbt_logic_get\"><value name=\"entity\"><block type=\"entity_from_deps\"/></value><value name=\"tagName\"><block type=\"text\"><field name=\"TEXT\">quest3</field></block></value></block></value><value name=\"B\"><block type=\"logic_boolean\"><field name=\"BOOL\">TRUE</field></block></value></block></value><statement name=\"DO0\"><block type=\"controls_if\"><value name=\"IF0\"><block type=\"entity_has_achievement\"><field name=\"achievement\">CUSTOM:Quest3</field><value name=\"entity\"><block type=\"source_entity_from_deps\"/></value></block></value><statement name=\"DO0\"><block type=\"execute_command\"><value name=\"command\"><block type=\"text\"><field name=\"TEXT\">/tellraw @a [\"\",{\"text\":\"[Barman]\",\"color\":\"gold\"},{\"text\":\" salut! tu es venu pour un rafraichissement?\",\"color\":\"black\"}]</field></block></value><value name=\"x\"><block type=\"coord_x\"/></value><value name=\"y\"><block type=\"coord_y\"/></value><value name=\"z\"><block type=\"coord_z\"/></value></block></statement></block></statement><next><block collapsed=\"true\" type=\"controls_if\"><comment h=\"80\" pinned=\"false\" w=\"160\">quest2</comment><value name=\"IF0\"><block type=\"logic_negate\"><value name=\"BOOL\"><block type=\"entity_has_achievement\"><field name=\"achievement\">CUSTOM:Quest4</field><value name=\"entity\"><block type=\"source_entity_from_deps\"/></value></block></value></block></value><statement name=\"DO0\"><block type=\"controls_if\"><value name=\"IF0\"><block type=\"logic_binary_ops\"><field name=\"OP\">EQ</field><value name=\"A\"><block type=\"entity_nbt_logic_get\"><value name=\"entity\"><block type=\"source_entity_from_deps\"/></value><value name=\"tagName\"><block type=\"text\"><field name=\"TEXT\">accepted4</field></block></value></block></value><value name=\"B\"><block type=\"logic_boolean\"><field name=\"BOOL\">TRUE</field></block></value></block></value><statement name=\"DO0\"><block type=\"controls_if\"><value name=\"IF0\"><block type=\"compare_mcitems\"><value name=\"a\"><block type=\"entity_iteminhand\"><value name=\"entity\"><block type=\"source_entity_from_deps\"/></value></block></value><value name=\"b\"><block type=\"mcitem_all\"><field name=\"value\">CUSTOM:Ancientrune</field></block></value></block></value><statement name=\"DO0\"><block type=\"execute_command\"><value name=\"command\"><block type=\"text\"><field name=\"TEXT\">/tellraw @p [\"\",{\"text\":\"[Traveler] \",\"color\":\"#DE6B44\"},{\"text\":\"je te revaudrait ca un de ces jours!\",\"color\":\"black\"}]</field></block></value><value name=\"x\"><block type=\"coord_x\"/></value><value name=\"y\"><block type=\"coord_y\"/></value><value name=\"z\"><block type=\"coord_z\"/></value><next><block type=\"play_sound\"><field name=\"sound\">entity.villager.celebrate</field><field name=\"soundcategory\">neutral</field><value name=\"x\"><block type=\"coord_x\"/></value><value name=\"y\"><block type=\"coord_y\"/></value><value name=\"z\"><block type=\"coord_z\"/></value><value name=\"level\"><block type=\"math_number\"><field name=\"NUM\">3</field></block></value><value name=\"pitch\"><block type=\"math_number\"><field name=\"NUM\">1</field></block></value><next><block type=\"entity_set_mainhand_item\"><value name=\"entity\"><block type=\"source_entity_from_deps\"/></value><value name=\"amount\"><block type=\"math_number\"><field name=\"NUM\">1</field></block></value><value name=\"item\"><block type=\"mcitem_all\"><field name=\"value\">Blocks.AIR</field></block></value><next><block type=\"wait\"><value name=\"ticks\"><block type=\"math_number\"><field name=\"NUM\">20</field></block></value><statement name=\"do\"><block type=\"execute_command\"><value name=\"command\"><block type=\"text\"><field name=\"TEXT\">/tellraw @a [\"\",{\"text\":\"[Traveler]\",\"color\":\"#DE6B44\"},{\"text\":\"OH! j'allais oublié voila ta récompense! je lai trouvé en me baladant dans le royaume des nains\",\"color\":\"black\"}]</field></block></value><value name=\"x\"><block type=\"coord_x\"/></value><value name=\"y\"><block type=\"coord_y\"/></value><value name=\"z\"><block type=\"coord_z\"/></value><next><block type=\"entity_set_mainhand_item\"><value name=\"entity\"><block type=\"source_entity_from_deps\"/></value><value name=\"amount\"><block type=\"math_number\"><field name=\"NUM\">1</field></block></value><value name=\"item\"><block type=\"mcitem_all\"><field name=\"value\">CUSTOM:Coppercore</field></block></value><next><block type=\"entity_add_achievement\"><field name=\"achievement\">CUSTOM:Quest4</field><value name=\"entity\"><block type=\"source_entity_from_deps\"/></value></block></next></block></next></block></statement></block></next></block></next></block></next></block></statement></block></statement><next><block type=\"controls_if\"><value name=\"IF0\"><block type=\"logic_binary_ops\"><field name=\"OP\">EQ</field><value name=\"A\"><block type=\"entity_nbt_logic_get\"><value name=\"entity\"><block type=\"source_entity_from_deps\"/></value><value name=\"tagName\"><block type=\"text\"><field name=\"TEXT\">accepted4</field></block></value></block></value><value name=\"B\"><block type=\"logic_boolean\"><field name=\"BOOL\">FALSE</field></block></value></block></value><statement name=\"DO0\"><block type=\"controls_if\"><value name=\"IF0\"><block type=\"logic_binary_ops\"><field name=\"OP\">EQ</field><value name=\"A\"><block type=\"entity_nbt_logic_get\"><value name=\"entity\"><block type=\"entity_from_deps\"/></value><value name=\"tagName\"><block type=\"text\"><field name=\"TEXT\">quest4</field></block></value></block></value><value name=\"B\"><block type=\"logic_boolean\"><field name=\"BOOL\">TRUE</field></block></value></block></value><statement name=\"DO0\"><block type=\"entity_nbt_logic_set\"><value name=\"entity\"><block type=\"source_entity_from_deps\"/></value><value name=\"tagName\"><block type=\"text\"><field name=\"TEXT\">accepted4</field></block></value><value name=\"tagValue\"><block type=\"logic_boolean\"><field name=\"BOOL\">TRUE</field></block></value><next><block type=\"execute_command\"><value name=\"command\"><block type=\"text\"><field name=\"TEXT\">/tellraw @p [\"\",{\"text\":\"[Traveler] \",\"color\":\"#DE6B44\"},{\"text\":\"hého toi la!\",\"color\":\"black\"}]</field></block></value><value name=\"x\"><block type=\"coord_x\"/></value><value name=\"y\"><block type=\"coord_y\"/></value><value name=\"z\"><block type=\"coord_z\"/></value><next><block type=\"play_sound\"><field name=\"sound\">entity.villager.yes</field><field name=\"soundcategory\">neutral</field><value name=\"x\"><block type=\"coord_x\"/></value><value name=\"y\"><block type=\"coord_y\"/></value><value name=\"z\"><block type=\"coord_z\"/></value><value name=\"level\"><block type=\"math_number\"><field name=\"NUM\">3</field></block></value><value name=\"pitch\"><block type=\"math_number\"><field name=\"NUM\">1</field></block></value><next><block type=\"wait\"><value name=\"ticks\"><block type=\"math_number\"><field name=\"NUM\">20</field></block></value><statement name=\"do\"><block type=\"execute_command\"><value name=\"command\"><block type=\"text\"><field name=\"TEXT\">/tellraw @p [\"\",{\"text\":\"[Traveler] \",\"color\":\"#DE6B44\"},{\"text\":\"tu peut m'aider?\",\"color\":\"black\"}]</field></block></value><value name=\"x\"><block type=\"coord_x\"/></value><value name=\"y\"><block type=\"coord_y\"/></value><value name=\"z\"><block type=\"coord_z\"/></value><next><block type=\"play_sound\"><field name=\"sound\">entity.villager.ambient</field><field name=\"soundcategory\">neutral</field><value name=\"x\"><block type=\"coord_x\"/></value><value name=\"y\"><block type=\"coord_y\"/></value><value name=\"z\"><block type=\"coord_z\"/></value><value name=\"level\"><block type=\"math_number\"><field name=\"NUM\">3</field></block></value><value name=\"pitch\"><block type=\"math_number\"><field name=\"NUM\">1</field></block></value><next><block type=\"wait\"><value name=\"ticks\"><block type=\"math_number\"><field name=\"NUM\">20</field></block></value><statement name=\"do\"><block type=\"execute_command\"><value name=\"command\"><block type=\"text\"><field name=\"TEXT\">/tellraw @p [\"\",{\"text\":\"[Traveler]\",\"color\":\"#DE6B44\"},{\"text\":\"je recherche une fragment de rune ancienne! tu pourrais maider a le trouver?\",\"color\":\"black\"}]</field></block></value><value name=\"x\"><block type=\"coord_x\"/></value><value name=\"y\"><block type=\"coord_y\"/></value><value name=\"z\"><block type=\"coord_z\"/></value><next><block type=\"play_sound\"><field name=\"sound\">entity.villager.yes</field><field name=\"soundcategory\">neutral</field><value name=\"x\"><block type=\"coord_x\"/></value><value name=\"y\"><block type=\"coord_y\"/></value><value name=\"z\"><block type=\"coord_z\"/></value><value name=\"level\"><block type=\"math_number\"><field name=\"NUM\">3</field></block></value><value name=\"pitch\"><block type=\"math_number\"><field name=\"NUM\">1</field></block></value><next><block type=\"wait\"><value name=\"ticks\"><block type=\"math_number\"><field name=\"NUM\">20</field></block></value><statement name=\"do\"><block type=\"execute_command\"><value name=\"command\"><block type=\"text\"><field name=\"TEXT\">/tellraw @p [\"\",{\"text\":\"[Traveler] \",\"color\":\"#DE6B44\"},{\"text\":\"merci beaucoup!\",\"color\":\"black\"}]</field></block></value><value name=\"x\"><block type=\"coord_x\"/></value><value name=\"y\"><block type=\"coord_y\"/></value><value name=\"z\"><block type=\"coord_z\"/></value><next><block type=\"play_sound\"><field name=\"sound\">entity.villager.ambient</field><field name=\"soundcategory\">neutral</field><value name=\"x\"><block type=\"coord_x\"/></value><value name=\"y\"><block type=\"coord_y\"/></value><value name=\"z\"><block type=\"coord_z\"/></value><value name=\"level\"><block type=\"math_number\"><field name=\"NUM\">3</field></block></value><value name=\"pitch\"><block type=\"math_number\"><field name=\"NUM\">1</field></block></value></block></next></block></statement></block></next></block></next></block></statement></block></next></block></next></block></statement></block></next></block></next></block></next></block></statement></block></statement></block></next></block></statement><next><block collapsed=\"true\" type=\"controls_if\"><value name=\"IF0\"><block type=\"logic_binary_ops\"><field name=\"OP\">EQ</field><value name=\"A\"><block type=\"entity_nbt_logic_get\"><value name=\"entity\"><block type=\"entity_from_deps\"/></value><value name=\"tagName\"><block type=\"text\"><field name=\"TEXT\">quest4</field></block></value></block></value><value name=\"B\"><block type=\"logic_boolean\"><field name=\"BOOL\">TRUE</field></block></value></block></value><statement name=\"DO0\"><block type=\"controls_if\"><value name=\"IF0\"><block type=\"entity_has_achievement\"><field name=\"achievement\">CUSTOM:Quest4</field><value name=\"entity\"><block type=\"source_entity_from_deps\"/></value></block></value><statement name=\"DO0\"><block type=\"execute_command\"><value name=\"command\"><block type=\"text\"><field name=\"TEXT\">/tellraw @p [\"\",{\"text\":\"[Traveler] \",\"color\":\"#DE6B44\"},{\"text\":\"bienvenue au bazar des aventuriers! arme, nouriture, armure de tout genre!\",\"color\":\"black\"}]</field></block></value><value name=\"x\"><block type=\"coord_x\"/></value><value name=\"y\"><block type=\"coord_y\"/></value><value name=\"z\"><block type=\"coord_z\"/></value></block></statement></block></statement><next><block collapsed=\"true\" type=\"controls_if\"><comment h=\"80\" pinned=\"false\" w=\"160\">quest2</comment><value name=\"IF0\"><block type=\"logic_negate\"><value name=\"BOOL\"><block type=\"entity_has_achievement\"><field name=\"achievement\">CUSTOM:Quest5</field><value name=\"entity\"><block type=\"source_entity_from_deps\"/></value></block></value></block></value><statement name=\"DO0\"><block type=\"controls_if\"><value name=\"IF0\"><block type=\"logic_binary_ops\"><field name=\"OP\">EQ</field><value name=\"A\"><block type=\"entity_nbt_logic_get\"><value name=\"entity\"><block type=\"source_entity_from_deps\"/></value><value name=\"tagName\"><block type=\"text\"><field name=\"TEXT\">accepted5</field></block></value></block></value><value name=\"B\"><block type=\"logic_boolean\"><field name=\"BOOL\">TRUE</field></block></value></block></value><statement name=\"DO0\"><block type=\"controls_if\"><value name=\"IF0\"><block type=\"compare_mcitems\"><value name=\"a\"><block type=\"entity_iteminhand\"><value name=\"entity\"><block type=\"source_entity_from_deps\"/></value></block></value><value name=\"b\"><block type=\"mcitem_all\"><field name=\"value\">CUSTOM:Titanium</field></block></value></block></value><statement name=\"DO0\"><block type=\"controls_if\"><value name=\"IF0\"><block type=\"math_binary_ops\"><field name=\"OP\">EQ</field><value name=\"A\"><block type=\"itemstack_get_count\"><value name=\"item\"><block type=\"entity_iteminhand\"><value name=\"entity\"><block type=\"source_entity_from_deps\"/></value></block></value></block></value><value name=\"B\"><block type=\"math_number\"><field name=\"NUM\">15</field></block></value></block></value><statement name=\"DO0\"><block type=\"execute_command\"><value name=\"command\"><block type=\"text\"><field name=\"TEXT\">/tellraw @p [\"\",{\"text\":\"[Toolsmith]\",\"color\":\"dark_blue\"},{\"text\":\"merci! voila pour toi!\",\"color\":\"black\"}]</field></block></value><value name=\"x\"><block type=\"coord_x\"/></value><value name=\"y\"><block type=\"coord_y\"/></value><value name=\"z\"><block type=\"coord_z\"/></value><next><block type=\"play_sound\"><field name=\"sound\">entity.pillager.celebrate</field><field name=\"soundcategory\">neutral</field><value name=\"x\"><block type=\"coord_x\"/></value><value name=\"y\"><block type=\"coord_y\"/></value><value name=\"z\"><block type=\"coord_z\"/></value><value name=\"level\"><block type=\"math_number\"><field name=\"NUM\">3</field></block></value><value name=\"pitch\"><block type=\"math_number\"><field name=\"NUM\">1</field></block></value><next><block type=\"entity_set_mainhand_item\"><value name=\"entity\"><block type=\"source_entity_from_deps\"/></value><value name=\"amount\"><block type=\"math_number\"><field name=\"NUM\">1</field></block></value><value name=\"item\"><block type=\"mcitem_all\"><field name=\"value\">Items.NETHERITE_PICKAXE</field></block></value><next><block type=\"entity_add_achievement\"><field name=\"achievement\">CUSTOM:Quest5</field><value name=\"entity\"><block type=\"source_entity_from_deps\"/></value></block></next></block></next></block></next></block></statement></block></statement></block></statement><next><block type=\"controls_if\"><value name=\"IF0\"><block type=\"logic_binary_ops\"><field name=\"OP\">EQ</field><value name=\"A\"><block type=\"entity_nbt_logic_get\"><value name=\"entity\"><block type=\"source_entity_from_deps\"/></value><value name=\"tagName\"><block type=\"text\"><field name=\"TEXT\">accepted5</field></block></value></block></value><value name=\"B\"><block type=\"logic_boolean\"><field name=\"BOOL\">FALSE</field></block></value></block></value><statement name=\"DO0\"><block type=\"controls_if\"><value name=\"IF0\"><block type=\"logic_binary_ops\"><field name=\"OP\">EQ</field><value name=\"A\"><block type=\"entity_nbt_logic_get\"><value name=\"entity\"><block type=\"entity_from_deps\"/></value><value name=\"tagName\"><block type=\"text\"><field name=\"TEXT\">quest5</field></block></value></block></value><value name=\"B\"><block type=\"logic_boolean\"><field name=\"BOOL\">TRUE</field></block></value></block></value><statement name=\"DO0\"><block type=\"entity_nbt_logic_set\"><value name=\"entity\"><block type=\"source_entity_from_deps\"/></value><value name=\"tagName\"><block type=\"text\"><field name=\"TEXT\">accepted5</field></block></value><value name=\"tagValue\"><block type=\"logic_boolean\"><field name=\"BOOL\">TRUE</field></block></value><next><block type=\"execute_command\"><value name=\"command\"><block type=\"text\"><field name=\"TEXT\">/tellraw @p [\"\",{\"text\":\"[Toolsmith]\",\"color\":\"dark_blue\"},{\"text\":\"toi la!\",\"color\":\"black\"}]</field></block></value><value name=\"x\"><block type=\"coord_x\"/></value><value name=\"y\"><block type=\"coord_y\"/></value><value name=\"z\"><block type=\"coord_z\"/></value><next><block type=\"play_sound\"><field name=\"sound\">entity.villager.yes</field><field name=\"soundcategory\">neutral</field><value name=\"x\"><block type=\"coord_x\"/></value><value name=\"y\"><block type=\"coord_y\"/></value><value name=\"z\"><block type=\"coord_z\"/></value><value name=\"level\"><block type=\"math_number\"><field name=\"NUM\">3</field></block></value><value name=\"pitch\"><block type=\"math_number\"><field name=\"NUM\">1</field></block></value><next><block type=\"wait\"><value name=\"ticks\"><block type=\"math_number\"><field name=\"NUM\">20</field></block></value><statement name=\"do\"><block type=\"execute_command\"><value name=\"command\"><block type=\"text\"><field name=\"TEXT\">/tellraw @p [\"\",{\"text\":\"[Toolsmith]\",\"color\":\"dark_blue\"},{\"text\":\"jai besoin d'un coup de main!\",\"color\":\"black\"}]</field></block></value><value name=\"x\"><block type=\"coord_x\"/></value><value name=\"y\"><block type=\"coord_y\"/></value><value name=\"z\"><block type=\"coord_z\"/></value><next><block type=\"play_sound\"><field name=\"sound\">entity.pillager.ambient</field><field name=\"soundcategory\">neutral</field><value name=\"x\"><block type=\"coord_x\"/></value><value name=\"y\"><block type=\"coord_y\"/></value><value name=\"z\"><block type=\"coord_z\"/></value><value name=\"level\"><block type=\"math_number\"><field name=\"NUM\">3</field></block></value><value name=\"pitch\"><block type=\"math_number\"><field name=\"NUM\">1</field></block></value><next><block type=\"wait\"><value name=\"ticks\"><block type=\"math_number\"><field name=\"NUM\">20</field></block></value><statement name=\"do\"><block type=\"execute_command\"><value name=\"command\"><block type=\"text\"><field name=\"TEXT\">/tellraw @p [\"\",{\"text\":\"[Toolsmith]\",\"color\":\"dark_blue\"},{\"text\":\"il me manque\",\"color\":\"black\"},{\"text\":\" x5 raw titanium \",\"color\":\"blue\"},{\"text\":\"tu peut me les trouver?\",\"color\":\"black\"}]</field></block></value><value name=\"x\"><block type=\"coord_x\"/></value><value name=\"y\"><block type=\"coord_y\"/></value><value name=\"z\"><block type=\"coord_z\"/></value><next><block type=\"play_sound\"><field name=\"sound\">entity.villager.yes</field><field name=\"soundcategory\">neutral</field><value name=\"x\"><block type=\"coord_x\"/></value><value name=\"y\"><block type=\"coord_y\"/></value><value name=\"z\"><block type=\"coord_z\"/></value><value name=\"level\"><block type=\"math_number\"><field name=\"NUM\">3</field></block></value><value name=\"pitch\"><block type=\"math_number\"><field name=\"NUM\">1</field></block></value><next><block type=\"wait\"><value name=\"ticks\"><block type=\"math_number\"><field name=\"NUM\">20</field></block></value><statement name=\"do\"><block type=\"execute_command\"><value name=\"command\"><block type=\"text\"><field name=\"TEXT\">/tellraw @p [\"\",{\"text\":\"[Toolsmith]\",\"color\":\"dark_blue\"},{\"text\":\"merci beaucoup!\",\"color\":\"black\"}]</field></block></value><value name=\"x\"><block type=\"coord_x\"/></value><value name=\"y\"><block type=\"coord_y\"/></value><value name=\"z\"><block type=\"coord_z\"/></value><next><block type=\"play_sound\"><field name=\"sound\">entity.pillager.ambient</field><field name=\"soundcategory\">neutral</field><value name=\"x\"><block type=\"coord_x\"/></value><value name=\"y\"><block type=\"coord_y\"/></value><value name=\"z\"><block type=\"coord_z\"/></value><value name=\"level\"><block type=\"math_number\"><field name=\"NUM\">3</field></block></value><value name=\"pitch\"><block type=\"math_number\"><field name=\"NUM\">1</field></block></value></block></next></block></statement></block></next></block></next></block></statement></block></next></block></next></block></statement></block></next></block></next></block></next></block></statement></block></statement></block></next></block></statement><next><block collapsed=\"true\" type=\"controls_if\"><value name=\"IF0\"><block type=\"logic_binary_ops\"><field name=\"OP\">EQ</field><value name=\"A\"><block type=\"entity_nbt_logic_get\"><value name=\"entity\"><block type=\"entity_from_deps\"/></value><value name=\"tagName\"><block type=\"text\"><field name=\"TEXT\">quest5</field></block></value></block></value><value name=\"B\"><block type=\"logic_boolean\"><field name=\"BOOL\">TRUE</field></block></value></block></value><statement name=\"DO0\"><block type=\"controls_if\"><value name=\"IF0\"><block type=\"entity_has_achievement\"><field name=\"achievement\">CUSTOM:Quest5</field><value name=\"entity\"><block type=\"source_entity_from_deps\"/></value></block></value><statement name=\"DO0\"><block type=\"execute_command\"><value name=\"command\"><block type=\"text\"><field name=\"TEXT\">/tellraw @p [\"\",{\"text\":\"[Toolsmith]\",\"color\":\"dark_blue\"},{\"text\":\"bienvenue a la forge!\",\"color\":\"black\"}]</field></block></value><value name=\"x\"><block type=\"coord_x\"/></value><value name=\"y\"><block type=\"coord_y\"/></value><value name=\"z\"><block type=\"coord_z\"/></value></block></statement></block></statement><next><block type=\"controls_if\"><value name=\"IF0\"><block type=\"entity_has_achievement\"><field name=\"achievement\">CUSTOM:Tier2questlush</field><value name=\"entity\"><block type=\"source_entity_from_deps\"/></value></block></value><statement name=\"DO0\"><block collapsed=\"true\" type=\"controls_if\"><comment h=\"80\" pinned=\"false\" w=\"160\">quest2</comment><value name=\"IF0\"><block type=\"logic_negate\"><value name=\"BOOL\"><block type=\"entity_has_achievement\"><field name=\"achievement\">CUSTOM:Quest6</field><value name=\"entity\"><block type=\"source_entity_from_deps\"/></value></block></value></block></value><statement name=\"DO0\"><block type=\"controls_if\"><value name=\"IF0\"><block type=\"logic_binary_ops\"><field name=\"OP\">EQ</field><value name=\"A\"><block type=\"entity_nbt_logic_get\"><value name=\"entity\"><block type=\"source_entity_from_deps\"/></value><value name=\"tagName\"><block type=\"text\"><field name=\"TEXT\">accepted6</field></block></value></block></value><value name=\"B\"><block type=\"logic_boolean\"><field name=\"BOOL\">TRUE</field></block></value></block></value><statement name=\"DO0\"><block type=\"controls_if\"><value name=\"IF0\"><block type=\"compare_mcitems\"><value name=\"a\"><block type=\"entity_iteminhand\"><value name=\"entity\"><block type=\"source_entity_from_deps\"/></value></block></value><value name=\"b\"><block type=\"mcitem_all\"><field name=\"value\">Items.FISH#2</field></block></value></block></value><statement name=\"DO0\"><block type=\"controls_if\"><value name=\"IF0\"><block type=\"math_binary_ops\"><field name=\"OP\">EQ</field><value name=\"A\"><block type=\"itemstack_get_count\"><value name=\"item\"><block type=\"entity_iteminhand\"><value name=\"entity\"><block type=\"source_entity_from_deps\"/></value></block></value></block></value><value name=\"B\"><block type=\"math_number\"><field name=\"NUM\">28</field></block></value></block></value><statement name=\"DO0\"><block type=\"execute_command\"><value name=\"command\"><block type=\"text\"><field name=\"TEXT\">/tellraw @p [\"\",{\"text\":\"[Farmer]\",\"color\":\"green\"},{\"text\":\"tiens un petit cadeau pour ton aide!\",\"color\":\"black\"}]</field></block></value><value name=\"x\"><block type=\"coord_x\"/></value><value name=\"y\"><block type=\"coord_y\"/></value><value name=\"z\"><block type=\"coord_z\"/></value><next><block type=\"play_sound\"><field name=\"sound\">entity.pillager.celebrate</field><field name=\"soundcategory\">neutral</field><value name=\"x\"><block type=\"coord_x\"/></value><value name=\"y\"><block type=\"coord_y\"/></value><value name=\"z\"><block type=\"coord_z\"/></value><value name=\"level\"><block type=\"math_number\"><field name=\"NUM\">3</field></block></value><value name=\"pitch\"><block type=\"math_number\"><field name=\"NUM\">1</field></block></value><next><block type=\"entity_set_mainhand_item\"><value name=\"entity\"><block type=\"source_entity_from_deps\"/></value><value name=\"amount\"><block type=\"math_number\"><field name=\"NUM\">1</field></block></value><value name=\"item\"><block type=\"mcitem_all\"><field name=\"value\">CUSTOM:Magicalcropgrower</field></block></value><next><block type=\"entity_add_achievement\"><field name=\"achievement\">CUSTOM:Quest6</field><value name=\"entity\"><block type=\"source_entity_from_deps\"/></value></block></next></block></next></block></next></block></statement></block></statement></block></statement><next><block type=\"controls_if\"><value name=\"IF0\"><block type=\"logic_binary_ops\"><field name=\"OP\">EQ</field><value name=\"A\"><block type=\"entity_nbt_logic_get\"><value name=\"entity\"><block type=\"source_entity_from_deps\"/></value><value name=\"tagName\"><block type=\"text\"><field name=\"TEXT\">accepted6</field></block></value></block></value><value name=\"B\"><block type=\"logic_boolean\"><field name=\"BOOL\">FALSE</field></block></value></block></value><statement name=\"DO0\"><block type=\"controls_if\"><value name=\"IF0\"><block type=\"logic_binary_ops\"><field name=\"OP\">EQ</field><value name=\"A\"><block type=\"entity_nbt_logic_get\"><value name=\"entity\"><block type=\"entity_from_deps\"/></value><value name=\"tagName\"><block type=\"text\"><field name=\"TEXT\">quest6</field></block></value></block></value><value name=\"B\"><block type=\"logic_boolean\"><field name=\"BOOL\">TRUE</field></block></value></block></value><statement name=\"DO0\"><block type=\"entity_nbt_logic_set\"><value name=\"entity\"><block type=\"source_entity_from_deps\"/></value><value name=\"tagName\"><block type=\"text\"><field name=\"TEXT\">accepted6</field></block></value><value name=\"tagValue\"><block type=\"logic_boolean\"><field name=\"BOOL\">TRUE</field></block></value><next><block type=\"execute_command\"><value name=\"command\"><block type=\"text\"><field name=\"TEXT\">/tellraw @p [\"\",{\"text\":\"[Farmer]\",\"color\":\"green\"},{\"text\":\"heho jeune homme!\",\"color\":\"black\"}]</field></block></value><value name=\"x\"><block type=\"coord_x\"/></value><value name=\"y\"><block type=\"coord_y\"/></value><value name=\"z\"><block type=\"coord_z\"/></value><next><block type=\"play_sound\"><field name=\"sound\">entity.villager.yes</field><field name=\"soundcategory\">neutral</field><value name=\"x\"><block type=\"coord_x\"/></value><value name=\"y\"><block type=\"coord_y\"/></value><value name=\"z\"><block type=\"coord_z\"/></value><value name=\"level\"><block type=\"math_number\"><field name=\"NUM\">3</field></block></value><value name=\"pitch\"><block type=\"math_number\"><field name=\"NUM\">1</field></block></value><next><block type=\"wait\"><value name=\"ticks\"><block type=\"math_number\"><field name=\"NUM\">20</field></block></value><statement name=\"do\"><block type=\"execute_command\"><value name=\"command\"><block type=\"text\"><field name=\"TEXT\">/tellraw @p [\"\",{\"text\":\"[Farmer]\",\"color\":\"green\"},{\"text\":\"jai besoin de ton aide!\",\"color\":\"black\"}]</field></block></value><value name=\"x\"><block type=\"coord_x\"/></value><value name=\"y\"><block type=\"coord_y\"/></value><value name=\"z\"><block type=\"coord_z\"/></value><next><block type=\"play_sound\"><field name=\"sound\">entity.villager.ambient</field><field name=\"soundcategory\">neutral</field><value name=\"x\"><block type=\"coord_x\"/></value><value name=\"y\"><block type=\"coord_y\"/></value><value name=\"z\"><block type=\"coord_z\"/></value><value name=\"level\"><block type=\"math_number\"><field name=\"NUM\">3</field></block></value><value name=\"pitch\"><block type=\"math_number\"><field name=\"NUM\">1</field></block></value><next><block type=\"wait\"><value name=\"ticks\"><block type=\"math_number\"><field name=\"NUM\">20</field></block></value><statement name=\"do\"><block type=\"execute_command\"><value name=\"command\"><block type=\"text\"><field name=\"TEXT\">/tellraw @p [\"\",{\"text\":\"[Farmer]\",\"color\":\"green\"},{\"text\":\"je nai plus de poisson pour le diner de ce soir. tu pourrais me ramener \",\"color\":\"black\"},{\"text\":\"tropical fish x28\",\"color\":\"gold\"},{\"text\":\"?\",\"color\":\"black\"}]</field></block></value><value name=\"x\"><block type=\"coord_x\"/></value><value name=\"y\"><block type=\"coord_y\"/></value><value name=\"z\"><block type=\"coord_z\"/></value><next><block type=\"play_sound\"><field name=\"sound\">entity.villager.yes</field><field name=\"soundcategory\">neutral</field><value name=\"x\"><block type=\"coord_x\"/></value><value name=\"y\"><block type=\"coord_y\"/></value><value name=\"z\"><block type=\"coord_z\"/></value><value name=\"level\"><block type=\"math_number\"><field name=\"NUM\">3</field></block></value><value name=\"pitch\"><block type=\"math_number\"><field name=\"NUM\">1</field></block></value><next><block type=\"wait\"><value name=\"ticks\"><block type=\"math_number\"><field name=\"NUM\">20</field></block></value><statement name=\"do\"><block type=\"execute_command\"><value name=\"command\"><block type=\"text\"><field name=\"TEXT\">/tellraw @p [\"\",{\"text\":\"[Farmer]\",\"color\":\"green\"},{\"text\":\"Merci jeune personne!\",\"color\":\"black\"}]</field></block></value><value name=\"x\"><block type=\"coord_x\"/></value><value name=\"y\"><block type=\"coord_y\"/></value><value name=\"z\"><block type=\"coord_z\"/></value><next><block type=\"play_sound\"><field name=\"sound\">entity.villager.ambient</field><field name=\"soundcategory\">neutral</field><value name=\"x\"><block type=\"coord_x\"/></value><value name=\"y\"><block type=\"coord_y\"/></value><value name=\"z\"><block type=\"coord_z\"/></value><value name=\"level\"><block type=\"math_number\"><field name=\"NUM\">3</field></block></value><value name=\"pitch\"><block type=\"math_number\"><field name=\"NUM\">1</field></block></value></block></next></block></statement></block></next></block></next></block></statement></block></next></block></next></block></statement></block></next></block></next></block></next></block></statement></block></statement></block></next></block></statement><next><block collapsed=\"true\" type=\"controls_if\"><value name=\"IF0\"><block type=\"logic_binary_ops\"><field name=\"OP\">EQ</field><value name=\"A\"><block type=\"entity_nbt_logic_get\"><value name=\"entity\"><block type=\"entity_from_deps\"/></value><value name=\"tagName\"><block type=\"text\"><field name=\"TEXT\">quest6</field></block></value></block></value><value name=\"B\"><block type=\"logic_boolean\"><field name=\"BOOL\">TRUE</field></block></value></block></value><statement name=\"DO0\"><block type=\"controls_if\"><value name=\"IF0\"><block type=\"entity_has_achievement\"><field name=\"achievement\">CUSTOM:Quest6</field><value name=\"entity\"><block type=\"source_entity_from_deps\"/></value></block></value><statement name=\"DO0\"><block type=\"execute_command\"><value name=\"command\"><block type=\"text\"><field name=\"TEXT\">/tellraw @p [\"\",{\"text\":\"[Farmer]\",\"color\":\"green\"},{\"text\":\"Merci de ton aide je ten suis reconnaissant!\",\"color\":\"black\"}]</field></block></value><value name=\"x\"><block type=\"coord_x\"/></value><value name=\"y\"><block type=\"coord_y\"/></value><value name=\"z\"><block type=\"coord_z\"/></value></block></statement></block></statement><next><block collapsed=\"true\" type=\"controls_if\"><value name=\"IF0\"><block type=\"logic_binary_ops\"><field name=\"OP\">EQ</field><value name=\"A\"><block type=\"entity_nbt_logic_get\"><value name=\"entity\"><block type=\"entity_from_deps\"/></value><value name=\"tagName\"><block type=\"text\"><field name=\"TEXT\">quest7</field></block></value></block></value><value name=\"B\"><block type=\"logic_boolean\"><field name=\"BOOL\">TRUE</field></block></value></block></value><statement name=\"DO0\"><block type=\"controls_if\"><value name=\"IF0\"><block type=\"entity_has_achievement\"><field name=\"achievement\">CUSTOM:Quest7</field><value name=\"entity\"><block type=\"source_entity_from_deps\"/></value></block></value><statement name=\"DO0\"><block type=\"execute_command\"><value name=\"command\"><block type=\"text\"><field name=\"TEXT\">/tellraw @p [\"\",{\"text\":\"[Guard]\",\"color\":\"dark_blue\"},{\"text\":\" merci! sa majesté etait trés amusé!\",\"color\":\"black\"}]</field></block></value><value name=\"x\"><block type=\"coord_x\"/></value><value name=\"y\"><block type=\"coord_y\"/></value><value name=\"z\"><block type=\"coord_z\"/></value></block></statement></block></statement><next><block collapsed=\"true\" type=\"controls_if\"><comment h=\"80\" pinned=\"false\" w=\"160\">quest2</comment><value name=\"IF0\"><block type=\"logic_negate\"><value name=\"BOOL\"><block type=\"entity_has_achievement\"><field name=\"achievement\">CUSTOM:Quest7</field><value name=\"entity\"><block type=\"source_entity_from_deps\"/></value></block></value></block></value><statement name=\"DO0\"><block type=\"controls_if\"><value name=\"IF0\"><block type=\"logic_binary_ops\"><field name=\"OP\">EQ</field><value name=\"A\"><block type=\"entity_nbt_logic_get\"><value name=\"entity\"><block type=\"source_entity_from_deps\"/></value><value name=\"tagName\"><block type=\"text\"><field name=\"TEXT\">accepted7</field></block></value></block></value><value name=\"B\"><block type=\"logic_boolean\"><field name=\"BOOL\">FALSE</field></block></value></block></value><statement name=\"DO0\"><block type=\"controls_if\"><value name=\"IF0\"><block type=\"logic_binary_ops\"><field name=\"OP\">EQ</field><value name=\"A\"><block type=\"entity_nbt_logic_get\"><value name=\"entity\"><block type=\"entity_from_deps\"/></value><value name=\"tagName\"><block type=\"text\"><field name=\"TEXT\">quest7</field></block></value></block></value><value name=\"B\"><block type=\"logic_boolean\"><field name=\"BOOL\">TRUE</field></block></value></block></value><statement name=\"DO0\"><block type=\"entity_nbt_logic_set\"><value name=\"entity\"><block type=\"source_entity_from_deps\"/></value><value name=\"tagName\"><block type=\"text\"><field name=\"TEXT\">accepted7</field></block></value><value name=\"tagValue\"><block type=\"logic_boolean\"><field name=\"BOOL\">TRUE</field></block></value><next><block type=\"execute_command\"><value name=\"command\"><block type=\"text\"><field name=\"TEXT\">/tellraw @p [\"\",{\"text\":\"[Guard]\",\"color\":\"dark_blue\"},{\"text\":\" toi! par ici!\",\"color\":\"black\"}]</field></block></value><value name=\"x\"><block type=\"coord_x\"/></value><value name=\"y\"><block type=\"coord_y\"/></value><value name=\"z\"><block type=\"coord_z\"/></value><next><block type=\"play_sound\"><field name=\"sound\">entity.villager.yes</field><field name=\"soundcategory\">neutral</field><value name=\"x\"><block type=\"coord_x\"/></value><value name=\"y\"><block type=\"coord_y\"/></value><value name=\"z\"><block type=\"coord_z\"/></value><value name=\"level\"><block type=\"math_number\"><field name=\"NUM\">3</field></block></value><value name=\"pitch\"><block type=\"math_number\"><field name=\"NUM\">1</field></block></value><next><block type=\"wait\"><value name=\"ticks\"><block type=\"math_number\"><field name=\"NUM\">20</field></block></value><statement name=\"do\"><block type=\"execute_command\"><value name=\"command\"><block type=\"text\"><field name=\"TEXT\">/tellraw @p [\"\",{\"text\":\"[Guard]\",\"color\":\"dark_blue\"},{\"text\":\" tu peut me donner un coup de pouce\",\"color\":\"black\"}]</field></block></value><value name=\"x\"><block type=\"coord_x\"/></value><value name=\"y\"><block type=\"coord_y\"/></value><value name=\"z\"><block type=\"coord_z\"/></value><next><block type=\"play_sound\"><field name=\"sound\">entity.villager.ambient</field><field name=\"soundcategory\">neutral</field><value name=\"x\"><block type=\"coord_x\"/></value><value name=\"y\"><block type=\"coord_y\"/></value><value name=\"z\"><block type=\"coord_z\"/></value><value name=\"level\"><block type=\"math_number\"><field name=\"NUM\">3</field></block></value><value name=\"pitch\"><block type=\"math_number\"><field name=\"NUM\">1</field></block></value><next><block type=\"wait\"><value name=\"ticks\"><block type=\"math_number\"><field name=\"NUM\">20</field></block></value><statement name=\"do\"><block type=\"execute_command\"><value name=\"command\"><block type=\"text\"><field name=\"TEXT\">/tellraw @p [\"\",{\"text\":\"[Guard]\",\"color\":\"dark_blue\"},{\"text\":\" notre roi, est vraiment mechant! il faudrait que tu lui donne une bonne lecon\",\"color\":\"black\"}]</field></block></value><value name=\"x\"><block type=\"coord_x\"/></value><value name=\"y\"><block type=\"coord_y\"/></value><value name=\"z\"><block type=\"coord_z\"/></value><next><block type=\"play_sound\"><field name=\"sound\">entity.villager.yes</field><field name=\"soundcategory\">neutral</field><value name=\"x\"><block type=\"coord_x\"/></value><value name=\"y\"><block type=\"coord_y\"/></value><value name=\"z\"><block type=\"coord_z\"/></value><value name=\"level\"><block type=\"math_number\"><field name=\"NUM\">3</field></block></value><value name=\"pitch\"><block type=\"math_number\"><field name=\"NUM\">1</field></block></value><next><block type=\"wait\"><value name=\"ticks\"><block type=\"math_number\"><field name=\"NUM\">20</field></block></value><statement name=\"do\"><block type=\"execute_command\"><value name=\"command\"><block type=\"text\"><field name=\"TEXT\">/tellraw @p [\"\",{\"text\":\"[Guard]\",\"color\":\"dark_blue\"},{\"text\":\" si tu y arrive il te donneras son légendaire \",\"color\":\"black\"},{\"text\":\"épée d'amethyst\",\"color\":\"light_purple\"}]</field></block></value><value name=\"x\"><block type=\"coord_x\"/></value><value name=\"y\"><block type=\"coord_y\"/></value><value name=\"z\"><block type=\"coord_z\"/></value><next><block type=\"play_sound\"><field name=\"sound\">entity.villager.ambient</field><field name=\"soundcategory\">neutral</field><value name=\"x\"><block type=\"coord_x\"/></value><value name=\"y\"><block type=\"coord_y\"/></value><value name=\"z\"><block type=\"coord_z\"/></value><value name=\"level\"><block type=\"math_number\"><field name=\"NUM\">3</field></block></value><value name=\"pitch\"><block type=\"math_number\"><field name=\"NUM\">1</field></block></value></block></next></block></statement></block></next></block></next></block></statement></block></next></block></next></block></statement></block></next></block></next></block></next></block></statement></block></statement></block></statement></block></next></block></next></block></next></block></statement></block></next></block></next></block></next></block></next></block></next></block></next></block></next></block></next></block></next></block></next></block></next></block><block collapsed=\"true\" type=\"controls_if\" x=\"503\" y=\"431\"><value name=\"IF0\"><block type=\"logic_binary_ops\"><field name=\"OP\">EQ</field><value name=\"A\"><block type=\"entity_nbt_logic_get\"><value name=\"entity\"><block type=\"entity_from_deps\"/></value><value name=\"tagName\"><block type=\"text\"><field name=\"TEXT\">quest8</field></block></value></block></value><value name=\"B\"><block type=\"logic_boolean\"><field name=\"BOOL\">TRUE</field></block></value></block></value><statement name=\"DO0\"><block type=\"controls_if\"><value name=\"IF0\"><block type=\"entity_has_achievement\"><field name=\"achievement\">CUSTOM:Quest8</field><value name=\"entity\"><block type=\"source_entity_from_deps\"/></value></block></value><statement name=\"DO0\"><block type=\"execute_command\"><value name=\"command\"><block type=\"text\"><field name=\"TEXT\">/tellraw @p [\"\",{\"text\":\"[Rebel]\",\"color\":\"#580A58\"},{\"text\":\"merci d'avoir libéré mes compagnons!\",\"color\":\"black\"}]</field></block></value><value name=\"x\"><block type=\"coord_x\"/></value><value name=\"y\"><block type=\"coord_y\"/></value><value name=\"z\"><block type=\"coord_z\"/></value></block></statement></block></statement></block><block type=\"controls_if\" x=\"309\" y=\"510\"><comment h=\"80\" pinned=\"false\" w=\"160\">quest2</comment><value name=\"IF0\"><block type=\"logic_negate\"><value name=\"BOOL\"><block type=\"entity_has_achievement\"><field name=\"achievement\">CUSTOM:Quest8</field><value name=\"entity\"><block type=\"source_entity_from_deps\"/></value></block></value></block></value><statement name=\"DO0\"><block type=\"controls_if\"><value name=\"IF0\"><block type=\"logic_binary_ops\"><field name=\"OP\">EQ</field><value name=\"A\"><block type=\"entity_nbt_logic_get\"><value name=\"entity\"><block type=\"source_entity_from_deps\"/></value><value name=\"tagName\"><block type=\"text\"><field name=\"TEXT\">accepted8</field></block></value></block></value><value name=\"B\"><block type=\"logic_boolean\"><field name=\"BOOL\">FALSE</field></block></value></block></value><statement name=\"DO0\"><block type=\"controls_if\"><value name=\"IF0\"><block type=\"logic_binary_ops\"><field name=\"OP\">EQ</field><value name=\"A\"><block type=\"entity_nbt_logic_get\"><value name=\"entity\"><block type=\"entity_from_deps\"/></value><value name=\"tagName\"><block type=\"text\"><field name=\"TEXT\">quest8</field></block></value></block></value><value name=\"B\"><block type=\"logic_boolean\"><field name=\"BOOL\">TRUE</field></block></value></block></value><statement name=\"DO0\"><block type=\"entity_nbt_logic_set\"><value name=\"entity\"><block type=\"source_entity_from_deps\"/></value><value name=\"tagName\"><block type=\"text\"><field name=\"TEXT\">accepted8</field></block></value><value name=\"tagValue\"><block type=\"logic_boolean\"><field name=\"BOOL\">TRUE</field></block></value><next><block type=\"execute_command\"><value name=\"command\"><block type=\"text\"><field name=\"TEXT\">/tellraw @p [\"\",{\"text\":\"[Rebel]\",\"color\":\"#580A58\"},{\"text\":\"salut mon ami!\",\"color\":\"black\"}]</field></block></value><value name=\"x\"><block type=\"coord_x\"/></value><value name=\"y\"><block type=\"coord_y\"/></value><value name=\"z\"><block type=\"coord_z\"/></value><next><block type=\"play_sound\"><field name=\"sound\">entity.villager.yes</field><field name=\"soundcategory\">neutral</field><value name=\"x\"><block type=\"coord_x\"/></value><value name=\"y\"><block type=\"coord_y\"/></value><value name=\"z\"><block type=\"coord_z\"/></value><value name=\"level\"><block type=\"math_number\"><field name=\"NUM\">3</field></block></value><value name=\"pitch\"><block type=\"math_number\"><field name=\"NUM\">1</field></block></value><next><block type=\"wait\"><value name=\"ticks\"><block type=\"math_number\"><field name=\"NUM\">20</field></block></value><statement name=\"do\"><block type=\"execute_command\"><value name=\"command\"><block type=\"text\"><field name=\"TEXT\">/tellraw @p [\"\",{\"text\":\"[Rebel]\",\"color\":\"#580A58\"},{\"text\":\"j'ai besoin de ton aide! c'est trés important\",\"color\":\"black\"}]</field></block></value><value name=\"x\"><block type=\"coord_x\"/></value><value name=\"y\"><block type=\"coord_y\"/></value><value name=\"z\"><block type=\"coord_z\"/></value><next><block type=\"play_sound\"><field name=\"sound\">entity.villager.ambient</field><field name=\"soundcategory\">neutral</field><value name=\"x\"><block type=\"coord_x\"/></value><value name=\"y\"><block type=\"coord_y\"/></value><value name=\"z\"><block type=\"coord_z\"/></value><value name=\"level\"><block type=\"math_number\"><field name=\"NUM\">3</field></block></value><value name=\"pitch\"><block type=\"math_number\"><field name=\"NUM\">1</field></block></value><next><block type=\"wait\"><value name=\"ticks\"><block type=\"math_number\"><field name=\"NUM\">20</field></block></value><statement name=\"do\"><block type=\"execute_command\"><value name=\"command\"><block type=\"text\"><field name=\"TEXT\">/tellraw @p [\"\",{\"text\":\"[Rebel]\",\"color\":\"#580A58\"},{\"text\":\"mes compagnons on été fait prisonniers par les guardes du roi!\",\"color\":\"black\"}]</field></block></value><value name=\"x\"><block type=\"coord_x\"/></value><value name=\"y\"><block type=\"coord_y\"/></value><value name=\"z\"><block type=\"coord_z\"/></value><next><block type=\"play_sound\"><field name=\"sound\">entity.villager.yes</field><field name=\"soundcategory\">neutral</field><value name=\"x\"><block type=\"coord_x\"/></value><value name=\"y\"><block type=\"coord_y\"/></value><value name=\"z\"><block type=\"coord_z\"/></value><value name=\"level\"><block type=\"math_number\"><field name=\"NUM\">3</field></block></value><value name=\"pitch\"><block type=\"math_number\"><field name=\"NUM\">1</field></block></value><next><block type=\"wait\"><value name=\"ticks\"><block type=\"math_number\"><field name=\"NUM\">20</field></block></value><statement name=\"do\"><block type=\"execute_command\"><value name=\"command\"><block type=\"text\"><field name=\"TEXT\">/tellraw @p [\"\",{\"text\":\"[Rebel]\",\"color\":\"#580A58\"},{\"text\":\"pourrait tu voler la clé de leur cage et les libérés!\",\"color\":\"black\"}]</field></block></value><value name=\"x\"><block type=\"coord_x\"/></value><value name=\"y\"><block type=\"coord_y\"/></value><value name=\"z\"><block type=\"coord_z\"/></value><next><block type=\"play_sound\"><field name=\"sound\">entity.villager.ambient</field><field name=\"soundcategory\">neutral</field><value name=\"x\"><block type=\"coord_x\"/></value><value name=\"y\"><block type=\"coord_y\"/></value><value name=\"z\"><block type=\"coord_z\"/></value><value name=\"level\"><block type=\"math_number\"><field name=\"NUM\">3</field></block></value><value name=\"pitch\"><block type=\"math_number\"><field name=\"NUM\">1</field></block></value><next><block type=\"wait\"><value name=\"ticks\"><block type=\"math_number\"><field name=\"NUM\">20</field></block></value><statement name=\"do\"><block type=\"execute_command\"><value name=\"command\"><block type=\"text\"><field name=\"TEXT\">/tellraw @p [\"\",{\"text\":\"[Rebel]\",\"color\":\"#580A58\"},{\"text\":\"merci beaucoup!\",\"color\":\"black\"}]</field></block></value><value name=\"x\"><block type=\"coord_x\"/></value><value name=\"y\"><block type=\"coord_y\"/></value><value name=\"z\"><block type=\"coord_z\"/></value><next><block type=\"play_sound\"><field name=\"sound\">entity.villager.ambient</field><field name=\"soundcategory\">neutral</field><value name=\"x\"><block type=\"coord_x\"/></value><value name=\"y\"><block type=\"coord_y\"/></value><value name=\"z\"><block type=\"coord_z\"/></value><value name=\"level\"><block type=\"math_number\"><field name=\"NUM\">3</field></block></value><value name=\"pitch\"><block type=\"math_number\"><field name=\"NUM\">1</field></block></value></block></next></block></statement></block></next></block></next></block></statement></block></next></block></next></block></statement></block></next></block></next></block></statement></block></next></block></next></block></next></block></statement></block></statement></block></statement></block></xml>"
  }
}