{
  "_fv": 43,
  "_type": "procedure",
  "definition": {
    "procedurexml": "<?xml version=\"1.0\" encoding=\"UTF-8\" standalone=\"no\"?><xml xmlns=\"https://developers.google.com/blockly/xml\"><block deletable=\"false\" type=\"event_trigger\" x=\"122\" y=\"157\"><field name=\"trigger\">player_ticks</field><next><block type=\"controls_if\"><value name=\"IF0\"><block type=\"logic_negate\"><value name=\"BOOL\"><block type=\"entity_has_achievement\"><field name=\"achievement\">CUSTOM:Quest7</field><value name=\"entity\"><block type=\"entity_from_deps\"/></value></block></value></block></value><statement name=\"DO0\"><block type=\"controls_if\"><value name=\"IF0\"><block type=\"logic_binary_ops\"><field name=\"OP\">EQ</field><value name=\"A\"><block type=\"entity_nbt_logic_get\"><value name=\"entity\"><block type=\"entity_from_deps\"/></value><value name=\"tagName\"><block type=\"text\"><field name=\"TEXT\">accepted7</field></block></value></block></value><value name=\"B\"><block type=\"logic_boolean\"><field name=\"BOOL\">TRUE</field></block></value></block></value><statement name=\"DO0\"><block type=\"controls_if\"><value name=\"IF0\"><block type=\"compare_mcitems\"><value name=\"a\"><block type=\"entity_iteminhand\"><value name=\"entity\"><block type=\"entity_from_deps\"/></value></block></value><value name=\"b\"><block type=\"mcitem_all\"><field name=\"value\">CUSTOM:Almethystsword</field></block></value></block></value><statement name=\"DO0\"><block type=\"execute_command\"><value name=\"command\"><block type=\"text\"><field name=\"TEXT\">/tellraw @p [\"\",{\"text\":\"[Guard]\",\"color\":\"dark_blue\"},{\"text\":\" merci! ca lui fera la morale!!\",\"color\":\"black\"}]</field></block></value><value name=\"x\"><block type=\"coord_x\"/></value><value name=\"y\"><block type=\"coord_y\"/></value><value name=\"z\"><block type=\"coord_z\"/></value><next><block type=\"play_sound\"><field name=\"sound\">entity.villager.celebrate</field><field name=\"soundcategory\">neutral</field><value name=\"x\"><block type=\"coord_x\"/></value><value name=\"y\"><block type=\"coord_y\"/></value><value name=\"z\"><block type=\"coord_z\"/></value><value name=\"level\"><block type=\"math_number\"><field name=\"NUM\">3</field></block></value><value name=\"pitch\"><block type=\"math_number\"><field name=\"NUM\">1</field></block></value><next><block type=\"entity_add_achievement\"><field name=\"achievement\">CUSTOM:Quest7</field><value name=\"entity\"><block type=\"entity_from_deps\"/></value></block></next></block></next></block></statement></block></statement></block></statement></block></next></block></xml>"
  }
}