{
  "_fv": 39,
  "_type": "achievement",
  "definition": {
    "achievementName": "Quest 6",
    "achievementDescription": "find 28 tropical fish and bring them to the farmer",
    "achievementIcon": {
      "value": "Items.TROPICAL_FISH_BUCKET"
    },
    "background": "Default",
    "disableDisplay": false,
    "showPopup": true,
    "announceToChat": true,
    "hideIfNotCompleted": true,
    "rewardLoot": [],
    "rewardRecipes": [],
    "rewardFunction": "No function",
    "rewardXP": 0,
    "achievementType": "task",
    "parent": {
      "value": "CUSTOM:Tier2questlush"
    },
    "triggerxml": "<xml xmlns=\"https://developers.google.com/blockly/xml\"><block type=\"custom_trigger\" x=\"198\" y=\"144\"><next><block type=\"advancement_trigger\" deletable=\"false\"></block></next></block></xml>"
  }
}