{
  "_fv": 39,
  "_type": "achievement",
  "definition": {
    "achievementName": "Quest 4",
    "achievementDescription": "bring back the treasure to the traveler",
    "achievementIcon": {
      "value": "Blocks.SCULK_SENSOR"
    },
    "background": "Default",
    "disableDisplay": false,
    "showPopup": true,
    "announceToChat": true,
    "hideIfNotCompleted": true,
    "rewardLoot": [],
    "rewardRecipes": [],
    "rewardFunction": "No function",
    "rewardXP": 0,
    "achievementType": "task",
    "parent": {
      "value": "CUSTOM:Quest3"
    },
    "triggerxml": "<xml xmlns=\"https://developers.google.com/blockly/xml\"><block type=\"custom_trigger\" x=\"53\" y=\"27\"><next><block type=\"advancement_trigger\" deletable=\"false\"></block></next></block></xml>"
  }
}