{
  "_fv": 39,
  "_type": "achievement",
  "definition": {
    "achievementName": "Quest 5",
    "achievementDescription": "bring 5 titanium ingot to the tool smith",
    "achievementIcon": {
      "value": "CUSTOM:Deepslatetitaniumore"
    },
    "background": "Default",
    "disableDisplay": false,
    "showPopup": true,
    "announceToChat": true,
    "hideIfNotCompleted": true,
    "rewardLoot": [],
    "rewardRecipes": [],
    "rewardFunction": "No function",
    "rewardXP": 0,
    "achievementType": "task",
    "parent": {
      "value": "CUSTOM:Quest4"
    },
    "triggerxml": "<xml xmlns=\"https://developers.google.com/blockly/xml\"><block type=\"custom_trigger\" x=\"110\" y=\"104\"><next><block type=\"advancement_trigger\" deletable=\"false\"></block></next></block></xml>"
  }
}