{
  "_fv": 39,
  "_type": "achievement",
  "definition": {
    "achievementName": "Quest 3",
    "achievementDescription": "bring 32 glow berries tp the barman",
    "achievementIcon": {
      "value": "Items.GLOW_BERRIES"
    },
    "background": "Default",
    "disableDisplay": false,
    "showPopup": true,
    "announceToChat": true,
    "hideIfNotCompleted": true,
    "rewardLoot": [],
    "rewardRecipes": [],
    "rewardFunction": "No function",
    "rewardXP": 0,
    "achievementType": "task",
    "parent": {
      "value": "CUSTOM:Quest2"
    },
    "triggerxml": "<xml xmlns=\"https://developers.google.com/blockly/xml\"><block type=\"custom_trigger\" x=\"41\" y=\"56\"><next><block type=\"advancement_trigger\" deletable=\"false\"></block></next></block></xml>"
  }
}