{
  "_fv": 39,
  "_type": "achievement",
  "definition": {
    "achievementName": "Quest 8",
    "achievementDescription": "free the goblins from the cage",
    "achievementIcon": {
      "value": "Blocks.IRON_BARS"
    },
    "background": "Default",
    "disableDisplay": false,
    "showPopup": true,
    "announceToChat": true,
    "hideIfNotCompleted": true,
    "rewardLoot": [],
    "rewardRecipes": [],
    "rewardFunction": "No function",
    "rewardXP": 0,
    "achievementType": "task",
    "parent": {
      "value": "CUSTOM:Quest7"
    },
    "triggerxml": "<xml xmlns=\"https://developers.google.com/blockly/xml\"><block type=\"custom_trigger\" x=\"225\" y=\"107\"><next><block type=\"advancement_trigger\" deletable=\"false\"></block></next></block></xml>"
  }
}