{
  "_fv": 39,
  "_type": "achievement",
  "definition": {
    "achievementName": "Quest 7",
    "achievementDescription": "beat the goblin king in a fight",
    "achievementIcon": {
      "value": "CUSTOM:Almethystsword"
    },
    "background": "Default",
    "disableDisplay": false,
    "showPopup": true,
    "announceToChat": true,
    "hideIfNotCompleted": true,
    "rewardLoot": [],
    "rewardRecipes": [],
    "rewardFunction": "No function",
    "rewardXP": 0,
    "achievementType": "task",
    "parent": {
      "value": "CUSTOM:Quest6"
    },
    "triggerxml": "<xml xmlns=\"https://developers.google.com/blockly/xml\"><block type=\"custom_trigger\" x=\"345\" y=\"245\"><next><block type=\"advancement_trigger\" deletable=\"false\"></block></next></block></xml>"
  }
}