{
  "_fv": 39,
  "_type": "gui",
  "definition": {
    "type": 1,
    "width": 176,
    "height": 159,
    "inventoryOffsetX": 0,
    "inventoryOffsetY": -3,
    "renderBgLayer": true,
    "doesPauseGame": false,
    "components": [
      {
        "type": "inputslot",
        "data": {
          "inputLimit": {
            "value": ""
          },
          "disablePlacement": {
            "fixedValue": false
          },
          "id": 0,
          "disablePickup": {
            "fixedValue": false
          },
          "dropItemsWhenNotBound": true,
          "onSlotChanged": {
            "name": "Whenslotchangessqueezer"
          },
          "x": 178,
          "y": 79
        }
      },
      {
        "type": "image",
        "data": {
          "image": "barrel_top.png",
          "use1Xscale": false,
          "x": 134,
          "y": 49
        }
      },
      {
        "type": "label",
        "data": {
          "name": "label_berry_squeezer",
          "text": {
            "fixedValue": "Fruit Squeezer"
          },
          "color": {
            "value": -12829636,
            "falpha": 0.0
          },
          "x": 155,
          "y": 52
        }
      },
      {
        "type": "inputslot",
        "data": {
          "inputLimit": {
            "value": ""
          },
          "disablePlacement": {
            "fixedValue": false
          },
          "id": 1,
          "disablePickup": {
            "fixedValue": false
          },
          "dropItemsWhenNotBound": true,
          "x": 220,
          "y": 79
        }
      },
      {
        "type": "image",
        "data": {
          "image": "arrow.png",
          "use1Xscale": false,
          "x": 199,
          "y": 80
        }
      }
    ],
    "onClosed": {
      "name": "SqueezerGUIThisGUIIsClosed"
    },
    "gridSettings": {
      "sx": 18,
      "sy": 18,
      "ox": 11,
      "oy": 15,
      "snapOnGrid": false
    }
  }
}