{
  "_fv": 39,
  "_type": "achievement",
  "definition": {
    "achievementName": "stone cave",
    "achievementDescription": "stone cave quest",
    "achievementIcon": {
      "value": "Blocks.STONE#0"
    },
    "background": "Default",
    "disableDisplay": false,
    "showPopup": true,
    "announceToChat": true,
    "hideIfNotCompleted": true,
    "rewardLoot": [],
    "rewardRecipes": [],
    "rewardFunction": "No function",
    "rewardXP": 0,
    "achievementType": "task",
    "parent": {
      "value": "CUSTOM:Caves"
    },
    "triggerxml": "<xml xmlns=\"https://developers.google.com/blockly/xml\"><block type=\"custom_trigger\" x=\"453\" y=\"269\"><next><block type=\"advancement_trigger\" deletable=\"false\"></block></next></block></xml>"
  }
}