{
  "_fv": 39,
  "_type": "achievement",
  "definition": {
    "achievementName": "Tier 2 quests",
    "achievementDescription": "you made it to tier 2! quest will now be more complex",
    "achievementIcon": {
      "value": "Blocks.GOLD_BLOCK"
    },
    "background": "Default",
    "disableDisplay": false,
    "showPopup": true,
    "announceToChat": true,
    "hideIfNotCompleted": true,
    "rewardLoot": [],
    "rewardRecipes": [],
    "rewardFunction": "No function",
    "rewardXP": 0,
    "achievementType": "challenge",
    "parent": {
      "value": "CUSTOM:Quest5"
    },
    "triggerxml": "<xml xmlns=\"https://developers.google.com/blockly/xml\"><block type=\"custom_trigger\" x=\"35\" y=\"59\"><next><block type=\"advancement_trigger\" deletable=\"false\"></block></next></block></xml>"
  }
}