{
	"format_version": "1.12.0",
	"minecraft:geometry": [
		{
			"description": {
				"identifier": "geometry.unknown",
				"texture_width": 128,
				"texture_height": 128,
				"visible_bounds_width": 4,
				"visible_bounds_height": 5.5,
				"visible_bounds_offset": [0, 2.25, 0]
			},
			"bones": [
				{
					"name": "body",
					"pivot": [0, 11, 0],
					"rotation": [0, 180, 0]
				},
				{
					"name": "arm1",
					"parent": "body",
					"pivot": [0, 0, 0],
					"cubes": [
						{"origin": [-10, 0, -7], "size": [3, 10, 0], "pivot": [0, 0, 0], "rotation": [0.02833, 44.70675, 18.85836], "uv": [54, 82]},
						{"origin": [-11.57035, -6.87962, -7.56099], "size": [3, 4, 0], "pivot": [-1.57035, -2.87962, -0.56099], "rotation": [-27.47167, 44.70675, 18.85836], "uv": [53, 89]}
					]
				},
				{
					"name": "vine",
					"parent": "arm1",
					"pivot": [-12.76701, 0.38743, 0.04456],
					"cubes": [
						{"origin": [-14.49682, -20.72681, -4.5066], "size": [2, 15, 0], "pivot": [-5.76701, -5.61257, 1.04456], "rotation": [-86.78343, 0.84837, 7.00051], "uv": [56, 84]}
					]
				},
				{
					"name": "bodyy",
					"parent": "body",
					"pivot": [0, 9, 0],
					"cubes": [
						{"origin": [-7, 4, -7], "size": [14, 14, 14], "uv": [0, 0]},
						{"origin": [-8, 9, -8], "size": [16, 11, 0], "uv": [21, 56]},
						{"origin": [-8, 9, 8], "size": [16, 11, 0], "uv": [21, 56]},
						{"origin": [8, 9, -8], "size": [0, 11, 16], "uv": [21, 40]},
						{"origin": [-8, 9, -8], "size": [0, 11, 16], "uv": [21, 40]},
						{"origin": [-8, 20, -8], "size": [16, 0, 16], "uv": [-9, 83]}
					]
				},
				{
					"name": "bone",
					"parent": "bodyy",
					"pivot": [0, 20.7511, -29.27912]
				},
				{
					"name": "plantt",
					"parent": "bone",
					"pivot": [6, 98.7511, -25.27912],
					"rotation": [-107.5, 0, 0],
					"cubes": [
						{"origin": [-9, 134.7511, 7.72088], "size": [16, 0, 16], "pivot": [-1, 134.7511, 7.72088], "rotation": [0, 90, -22.5], "uv": [56, 95]},
						{"origin": [-9, 134.7511, 7.72088], "size": [16, 0, 16], "pivot": [-1, 134.7511, 7.72088], "rotation": [22.5, 0, 0], "uv": [56, 95]},
						{"origin": [-9, 134.88717, -8.19424], "size": [16, 0, 16], "pivot": [-1, 135.03442, 7.42091], "rotation": [-22.5, 0, 0], "uv": [56, 111]},
						{"origin": [-9, 134.88717, -8.19424], "size": [16, 0, 16], "pivot": [-1, 135.03442, 7.42091], "rotation": [0, 90, 22.5], "uv": [56, 111]},
						{"origin": [-9, 134.7511, -0.27912], "size": [16, 0, 16], "uv": [70, 71]}
					]
				},
				{
					"name": "stem",
					"parent": "bone",
					"pivot": [0, 20.7511, 0.72088],
					"cubes": [
						{"origin": [-2, 20, -1], "size": [3, 14, 3], "uv": [50, 81]},
						{"origin": [-2, 28.25129, 15.54552], "size": [3, 14, 3], "pivot": [0, 0.25129, -0.45448], "rotation": [30, 0, 0], "uv": [49, 81]},
						{"origin": [-2, 48.7511, -13.27912], "size": [3, 14, 3], "pivot": [0, 20.7511, -29.27912], "rotation": [-12.5, 0, 0], "uv": [49, 81]}
					]
				},
				{
					"name": "leaf",
					"parent": "bone",
					"pivot": [-4, 40, -6],
					"rotation": [-169.00993, -74.06858, 152.82485],
					"cubes": [
						{"origin": [-12, 39, 1], "size": [16, 4, 0], "inflate": -1, "uv": [28, 106]},
						{"origin": [-12, 41, -13], "size": [16, 0, 16], "inflate": -1, "uv": [73, 34]}
					]
				},
				{
					"name": "leaf2",
					"parent": "bone",
					"pivot": [3, 30, 3],
					"rotation": [-17.5, 42.5, 0],
					"cubes": [
						{"origin": [-5, 29, 10], "size": [16, 4, 0], "inflate": -1, "uv": [28, 106]},
						{"origin": [-5, 31, -4], "size": [16, 0, 16], "inflate": -1, "uv": [73, 34]}
					]
				},
				{
					"name": "arm2",
					"parent": "body",
					"pivot": [26, 0, 0],
					"cubes": [
						{"origin": [4.12516, 3.93633, 4.47754], "size": [3, 10, 0], "pivot": [12.12516, 0.93633, 10.47754], "rotation": [-0.0283, -44.7067, -18.8584], "uv": [54, 82]},
						{"origin": [3.40217, -2.86653, 5.03528], "size": [3, 4, 0], "pivot": [13.40217, 1.13347, 12.03528], "rotation": [-27.4717, -44.7067, -18.8584], "uv": [56, 84]}
					]
				},
				{
					"name": "vine2",
					"parent": "arm2",
					"pivot": [14.22573, 1.74282, 0.89289],
					"cubes": [
						{"origin": [11.49592, -19.37143, -3.65828], "size": [2, 15, 0], "pivot": [20.22573, -5.25718, 1.89289], "rotation": [-86.74241, -9.13576, 6.43507], "uv": [56, 84]}
					]
				},
				{
					"name": "leg1",
					"pivot": [-4, 5, 0],
					"cubes": [
						{"origin": [-6, 0, -2], "size": [4, 4, 4], "uv": [0, 28]}
					]
				},
				{
					"name": "leg2",
					"pivot": [4, 4, 1],
					"cubes": [
						{"origin": [2, 0.15224, -1.23463], "size": [4, 4, 4], "uv": [0, 28]}
					]
				}
			]
		}
	]
}