{
	"format_version": "1.12.0",
	"minecraft:geometry": [
		{
			"description": {
				"identifier": "geometry.unknown",
				"texture_width": 256,
				"texture_height": 256,
				"visible_bounds_width": 3,
				"visible_bounds_height": 3.5,
				"visible_bounds_offset": [0, 1.25, 0]
			},
			"bones": [
				{
					"name": "bone6",
					"pivot": [0, 0, 0]
				},
				{
					"name": "bone5",
					"parent": "bone6",
					"pivot": [0, 3, -13],
					"cubes": [
						{"origin": [8, 15, -16], "size": [3, 16, 0], "uv": [5, 2]},
						{"origin": [8, 3, -16], "size": [3, 12, 0], "uv": [5, 2]},
						{"origin": [2, 3, -16], "size": [3, 12, 0], "uv": [5, 2]},
						{"origin": [2, 15, -16], "size": [3, 16, 0], "uv": [5, 2]},
						{"origin": [-4, 15, -16], "size": [3, 16, 0], "uv": [5, 2]},
						{"origin": [-4, 3, -16], "size": [3, 12, 0], "uv": [5, 2]},
						{"origin": [-10, 15, -16], "size": [3, 16, 0], "uv": [5, 2]},
						{"origin": [-5, 10, -16.1], "size": [10, 10, 0], "uv": [76, 86]},
						{"origin": [-10, 3, -16], "size": [3, 12, 0], "uv": [5, 2]}
					]
				},
				{
					"name": "bone4",
					"parent": "bone6",
					"pivot": [0, 0, 0],
					"cubes": [
						{"origin": [-15, 3, -16], "size": [4, 28, 4], "uv": [88, 147]},
						{"origin": [-15, 3, 11], "size": [4, 28, 4], "uv": [88, 147]},
						{"origin": [12, 3, 11], "size": [4, 28, 4], "uv": [88, 147]},
						{"origin": [12, 3, -16], "size": [4, 28, 4], "uv": [88, 147]},
						{"origin": [-15, 2, -16], "size": [31, 1, 31], "uv": [132, 170]},
						{"origin": [-11, 34, -12], "size": [23, 1, 23], "uv": [148, 192]},
						{"origin": [-15, 31, -16], "size": [31, 1, 31], "uv": [132, 167]},
						{"origin": [-16, 32, -17], "size": [33, 2, 33], "uv": [124, 165]},
						{"origin": [-16, 0, -17], "size": [33, 2, 33], "uv": [124, 175]}
					]
				},
				{
					"name": "bone3",
					"parent": "bone6",
					"pivot": [1, 3, 13],
					"cubes": [
						{"origin": [8, 15, 13], "size": [3, 16, 0], "uv": [5, 2]},
						{"origin": [8, 3, 13], "size": [3, 12, 0], "uv": [5, 2]},
						{"origin": [2, 3, 13], "size": [3, 12, 0], "uv": [5, 2]},
						{"origin": [2, 15, 13], "size": [3, 16, 0], "uv": [5, 2]},
						{"origin": [-4, 15, 13], "size": [3, 16, 0], "uv": [5, 2]},
						{"origin": [-4, 3, 13], "size": [3, 12, 0], "uv": [5, 2]},
						{"origin": [-10, 15, 13], "size": [3, 16, 0], "uv": [5, 2]},
						{"origin": [-10, 3, 13], "size": [3, 12, 0], "uv": [5, 2]}
					]
				},
				{
					"name": "bone2",
					"parent": "bone6",
					"pivot": [14, 3, -2],
					"rotation": [0, 90, 0],
					"cubes": [
						{"origin": [2, 3, -2], "size": [3, 12, 0], "uv": [5, 2]},
						{"origin": [2, 15, -2], "size": [3, 16, 0], "uv": [5, 2]},
						{"origin": [8, 15, -2], "size": [3, 16, 0], "uv": [5, 2]},
						{"origin": [8, 3, -2], "size": [3, 12, 0], "uv": [5, 2]},
						{"origin": [14, 15, -2], "size": [3, 16, 0], "uv": [5, 2]},
						{"origin": [14, 3, -2], "size": [3, 12, 0], "uv": [5, 2]},
						{"origin": [20, 15, -2], "size": [3, 16, 0], "uv": [5, 2]},
						{"origin": [20, 3, -2], "size": [3, 12, 0], "uv": [5, 2]}
					]
				},
				{
					"name": "bone",
					"parent": "bone6",
					"pivot": [-13, 3, -2],
					"rotation": [0, 90, 0],
					"cubes": [
						{"origin": [-25, 3, -2], "size": [3, 12, 0], "uv": [5, 2]},
						{"origin": [-25, 15, -2], "size": [3, 16, 0], "uv": [5, 2]},
						{"origin": [-19, 15, -2], "size": [3, 16, 0], "uv": [5, 2]},
						{"origin": [-19, 3, -2], "size": [3, 12, 0], "uv": [5, 2]},
						{"origin": [-13, 15, -2], "size": [3, 16, 0], "uv": [5, 2]},
						{"origin": [-13, 3, -2], "size": [3, 12, 0], "uv": [5, 2]},
						{"origin": [-7, 15, -2], "size": [3, 16, 0], "uv": [5, 2]},
						{"origin": [-7, 3, -2], "size": [3, 12, 0], "uv": [5, 2]}
					]
				}
			]
		}
	]
}