{
	"format_version": "1.12.0",
	"minecraft:geometry": [
		{
			"description": {
				"identifier": "geometry.unknown",
				"texture_width": 64,
				"texture_height": 64,
				"visible_bounds_width": 2,
				"visible_bounds_height": 2.5,
				"visible_bounds_offset": [0, 0.75, 0]
			},
			"bones": [
				{
					"name": "bone",
					"pivot": [8, 0, -8],
					"cubes": [
						{
							"origin": [-8, 0, -8],
							"size": [16, 16, 16],
							"uv": {
								"north": {"uv": [0, 0], "uv_size": [16, 16]},
								"east": {"uv": [0, 16], "uv_size": [16, 16]},
								"south": {"uv": [16, 0], "uv_size": [16, 16]},
								"west": {"uv": [16, 16], "uv_size": [16, 16]},
								"up": {"uv": [0, 32], "uv_size": [16, 16]},
								"down": {"uv": [32, 16], "uv_size": [16, -16]}
							}
						},
						{
							"origin": [-1, 1, -12],
							"size": [2, 2, 2],
							"uv": {
								"north": {"uv": [38, 43], "uv_size": [2, 2]},
								"east": {"uv": [26, 46], "uv_size": [2, 2]},
								"south": {"uv": [34, 35], "uv_size": [2, 2]},
								"west": {"uv": [43, 32], "uv_size": [2, 2]},
								"up": {"uv": [28, 41], "uv_size": [-2, -2]},
								"down": {"uv": [51, 44], "uv_size": [-2, -2]}
							}
						},
						{
							"origin": [-1.5, 4, -10],
							"size": [1, 2, 1],
							"uv": {
								"north": {"uv": [38, 43], "uv_size": [1, 2]},
								"east": {"uv": [26, 46], "uv_size": [1, 2]},
								"south": {"uv": [34, 35], "uv_size": [1, 2]},
								"west": {"uv": [43, 32], "uv_size": [1, 2]},
								"up": {"uv": [27, 40], "uv_size": [-1, -1]},
								"down": {"uv": [50, 43], "uv_size": [-1, -1]}
							}
						},
						{
							"origin": [0.5, 4, -10],
							"size": [1, 2, 1],
							"uv": {
								"north": {"uv": [38, 43], "uv_size": [1, 2]},
								"east": {"uv": [26, 46], "uv_size": [1, 2]},
								"south": {"uv": [34, 35], "uv_size": [1, 2]},
								"west": {"uv": [43, 32], "uv_size": [1, 2]},
								"up": {"uv": [27, 40], "uv_size": [-1, -1]},
								"down": {"uv": [50, 43], "uv_size": [-1, -1]}
							}
						},
						{
							"origin": [-1, 3, -12],
							"size": [2, 2, 4],
							"uv": {
								"north": {"uv": [38, 43], "uv_size": [2, 2]},
								"east": {"uv": [26, 46], "uv_size": [4, 2]},
								"south": {"uv": [34, 35], "uv_size": [2, 2]},
								"west": {"uv": [43, 32], "uv_size": [4, 2]},
								"up": {"uv": [28, 43], "uv_size": [-2, -4]},
								"down": {"uv": [51, 46], "uv_size": [-2, -4]}
							}
						}
					]
				},
				{
					"name": "bone2",
					"parent": "bone",
					"pivot": [8, 0, -8],
					"cubes": [
						{
							"origin": [-0.5, 1, -11.5],
							"size": [1, 2, 1],
							"inflate": 0.2,
							"uv": {
								"north": {"uv": [46, 48], "uv_size": [7, 16]},
								"east": {"uv": [46, 48], "uv_size": [7, 16]},
								"south": {"uv": [53, 48], "uv_size": [-7, 16]},
								"west": {"uv": [46, 48], "uv_size": [7, 16]},
								"up": {"uv": [53, 64], "uv_size": [-7, -16]},
								"down": {"uv": [53, 64], "uv_size": [-7, -16]}
							}
						}
					]
				}
			]
		}
	]
}