{
	"format_version": "1.12.0",
	"minecraft:geometry": [
		{
			"description": {
				"identifier": "geometry.unknown",
				"texture_width": 128,
				"texture_height": 128,
				"visible_bounds_width": 4,
				"visible_bounds_height": 3.5,
				"visible_bounds_offset": [0, 1.25, 0]
			},
			"bones": [
				{
					"name": "hermit",
					"pivot": [-1, 0, 11],
					"rotation": [0, 90, 0]
				},
				{
					"name": "legss",
					"parent": "hermit",
					"pivot": [9, 0, 11]
				},
				{
					"name": "leg2",
					"parent": "legss",
					"pivot": [18, 4, 15],
					"rotation": [30, 0, 0],
					"cubes": [
						{"origin": [17, 3.27691, 14.71692], "size": [2, 2, 7], "uv": [63, 37]},
						{"origin": [17, -3.72309, 19.71692], "size": [2, 7, 2], "uv": [19, 31]}
					]
				},
				{
					"name": "leg4",
					"parent": "legss",
					"pivot": [18, 5, 7],
					"rotation": [-150, 0, 180],
					"cubes": [
						{"origin": [17, 3.41088, 6.21692], "size": [2, 2, 7], "uv": [63, 37]},
						{"origin": [17, -3.58912, 11.21692], "size": [2, 7, 2], "uv": [19, 31]}
					]
				},
				{
					"name": "leg5",
					"parent": "legss",
					"pivot": [15, 5, 6],
					"rotation": [-150, 0, 180],
					"cubes": [
						{"origin": [14, 3.91088, 4.35089], "size": [2, 2, 7], "uv": [63, 37]},
						{"origin": [14, -3.08912, 9.35089], "size": [2, 7, 2], "uv": [19, 31]}
					]
				},
				{
					"name": "leg6",
					"parent": "legss",
					"pivot": [12, 5, 6],
					"rotation": [-150, 0, 180],
					"cubes": [
						{"origin": [11, 3.91088, 4.35089], "size": [2, 2, 7], "uv": [63, 37]},
						{"origin": [11, -3.08912, 9.35089], "size": [2, 7, 2], "uv": [19, 31]}
					]
				},
				{
					"name": "leg3",
					"parent": "legss",
					"pivot": [15, 4, 15],
					"rotation": [30, 0, 0],
					"cubes": [
						{"origin": [14, 3.27691, 14.71692], "size": [2, 2, 7], "uv": [63, 37]},
						{"origin": [14, -3.72309, 19.71692], "size": [2, 7, 2], "uv": [19, 31]}
					]
				},
				{
					"name": "leg7",
					"parent": "legss",
					"pivot": [12, 4, 15],
					"rotation": [30, 0, 0],
					"cubes": [
						{"origin": [11, 3.27691, 14.71692], "size": [2, 2, 7], "uv": [63, 37]},
						{"origin": [11, -3.72309, 19.71692], "size": [2, 7, 2], "uv": [19, 31]}
					]
				},
				{
					"name": "bone9",
					"parent": "legss",
					"pivot": [9, 2, 11],
					"rotation": [0, 0, 7.5],
					"cubes": [
						{"origin": [19, 7, 7], "size": [0, 3, 1], "uv": [0, 7]},
						{"origin": [2, 3, 6], "size": [17, 4, 10], "uv": [0, 27]},
						{"origin": [19, 4.5, 12], "size": [2, 2, 2], "uv": [0, 4]},
						{"origin": [19, 4.5, 8], "size": [2, 2, 2], "uv": [0, 0]},
						{"origin": [19, 7, 14], "size": [0, 3, 1], "uv": [2, 7]}
					]
				},
				{
					"name": "bone10",
					"parent": "hermit",
					"pivot": [5, 9, 11],
					"cubes": [
						{"origin": [1.69399, 2.90391, 5.5], "size": [16, 16, 11], "pivot": [8.69399, 1.90391, 11], "rotation": [0, 0, -20], "uv": [0, 0]}
					]
				}
			]
		}
	]
}