{
	"format_version": "1.12.0",
	"minecraft:geometry": [
		{
			"description": {
				"identifier": "geometry.unknown",
				"texture_width": 256,
				"texture_height": 256,
				"visible_bounds_width": 3,
				"visible_bounds_height": 4,
				"visible_bounds_offset": [0, 1, 0]
			},
			"bones": [
				{
					"name": "goblin",
					"pivot": [0, 0, 0]
				},
				{
					"name": "bone",
					"parent": "goblin",
					"pivot": [0, 8, 0]
				},
				{
					"name": "body",
					"parent": "bone",
					"pivot": [0, 0, 0],
					"cubes": [
						{"origin": [-5, 5, -3], "size": [10, 8, 5], "uv": [0, 23]},
						{"origin": [-5.5, 2, -4], "size": [11, 11, 7], "uv": [79, 42]},
						{"origin": [-4, 1, -3.6], "size": [8, 12, 6], "uv": [193, 72]},
						{"origin": [-4, 1, -3.4], "size": [8, 12, 6], "inflate": 0.2, "uv": [62, 205]},
						{"origin": [-6.5, 0, -4.5], "size": [13, 15, 6], "inflate": -0.8, "uv": [218, 226]},
						{"origin": [-13, 5.5, -3.2], "size": [10, 8, 0], "pivot": [0, 0, 0], "rotation": [0, 0, 42.5], "uv": [0, 50]},
						{"origin": [-4.5, 3, -3], "size": [9, 8, 5], "inflate": 0.6, "uv": [52, 126]},
						{"origin": [-5, 4, -3.1], "size": [10, 10, 5], "uv": [135, 93]},
						{"origin": [-4, 3, -2.5], "size": [8, 9, 4], "inflate": 1.1, "uv": [21, 221]},
						{"origin": [-7, 1, -6.2], "size": [14, 12, 0], "pivot": [0, 0, 0], "rotation": [-17.5, 0, 0], "uv": [30, 23]},
						{"origin": [-5, 1, -3.5], "size": [10, 8, 0], "uv": [30, 35]},
						{"origin": [-5, 1, 2.5], "size": [10, 8, 0], "uv": [30, 35]},
						{"origin": [5.1, 1, -3.5], "size": [0, 8, 6], "uv": [16, 30]},
						{"origin": [-5.2, 1, -3.5], "size": [0, 8, 6], "uv": [16, 30]}
					]
				},
				{
					"name": "arm2",
					"parent": "bone",
					"pivot": [-6, 12, 0],
					"cubes": [
						{"origin": [-8, 3, -2], "size": [3, 10, 3], "uv": [36, 0]}
					]
				},
				{
					"name": "hoe",
					"parent": "arm2",
					"pivot": [2, 2, 6],
					"rotation": [10, 0, 0],
					"cubes": [
						{"origin": [1, 2, 15], "size": [16, 16, 0], "pivot": [2, 2, 6], "rotation": [92.70569, 22.47741, -88.96491], "uv": [47, 46]},
						{"origin": [1, 2, 15.1], "size": [16, 16, 0], "pivot": [2, 2, 6], "rotation": [92.70569, 22.47741, -88.96491], "uv": [47, 46]},
						{"origin": [1, 2, 15.2], "size": [16, 16, 0], "pivot": [2, 2, 6], "rotation": [92.70569, 22.47741, -88.96491], "uv": [47, 46]},
						{"origin": [1, 2, 15.3], "size": [16, 16, 0], "pivot": [2, 2, 6], "rotation": [92.70569, 22.47741, -88.96491], "uv": [47, 46]},
						{"origin": [1, 2, 15.4], "size": [16, 16, 0], "pivot": [2, 2, 6], "rotation": [92.70569, 22.47741, -88.96491], "uv": [47, 46]},
						{"origin": [1, 2, 15.5], "size": [16, 16, 0], "pivot": [2, 2, 6], "rotation": [92.70569, 22.47741, -88.96491], "uv": [47, 46]}
					]
				},
				{
					"name": "machette",
					"parent": "arm2",
					"pivot": [2, 3, 4],
					"rotation": [10, 0, 0],
					"cubes": [
						{"origin": [1, 3, 13], "size": [16, 17, 0], "pivot": [2, 3, 4], "rotation": [92.70569, 22.47741, -88.96491], "uv": [172, 236]},
						{"origin": [1, 3, 13.1], "size": [16, 17, 0], "pivot": [2, 3, 4], "rotation": [92.70569, 22.47741, -88.96491], "uv": [172, 236]},
						{"origin": [1, 3, 13.2], "size": [16, 17, 0], "pivot": [2, 3, 4], "rotation": [92.70569, 22.47741, -88.96491], "uv": [172, 236]},
						{"origin": [1, 3, 13.3], "size": [16, 17, 0], "pivot": [2, 3, 4], "rotation": [92.70569, 22.47741, -88.96491], "uv": [172, 236]},
						{"origin": [1, 3, 13.4], "size": [16, 17, 0], "pivot": [2, 3, 4], "rotation": [92.70569, 22.47741, -88.96491], "uv": [172, 236]},
						{"origin": [1, 3, 13.5], "size": [16, 17, 0], "pivot": [2, 3, 4], "rotation": [92.70569, 22.47741, -88.96491], "uv": [172, 236]}
					]
				},
				{
					"name": "hammer",
					"parent": "arm2",
					"pivot": [2, 3, 5],
					"rotation": [10, 0, 0],
					"cubes": [
						{"origin": [1, 3, 14], "size": [16, 16, 0], "pivot": [2, 3, 5], "rotation": [92.70569, 22.47741, -88.96491], "uv": [185, 124]},
						{"origin": [1, 3, 14.1], "size": [16, 16, 0], "pivot": [2, 3, 5], "rotation": [92.70569, 22.47741, -88.96491], "uv": [185, 124]},
						{"origin": [1, 3, 14.2], "size": [16, 16, 0], "pivot": [2, 3, 5], "rotation": [92.70569, 22.47741, -88.96491], "uv": [185, 124]},
						{"origin": [1, 3, 14.3], "size": [16, 16, 0], "pivot": [2, 3, 5], "rotation": [92.70569, 22.47741, -88.96491], "uv": [185, 124]},
						{"origin": [1, 3, 14.4], "size": [16, 16, 0], "pivot": [2, 3, 5], "rotation": [92.70569, 22.47741, -88.96491], "uv": [185, 124]},
						{"origin": [1, 3, 14.5], "size": [16, 16, 0], "pivot": [2, 3, 5], "rotation": [92.70569, 22.47741, -88.96491], "uv": [185, 124]}
					]
				},
				{
					"name": "hammer2",
					"parent": "arm2",
					"pivot": [2, 3, 5],
					"rotation": [10, 0, 0],
					"cubes": [
						{"origin": [1, 3, 14], "size": [16, 16, 0], "pivot": [2, 3, 5], "rotation": [92.70569, 22.47741, -88.96491], "uv": [185, 124]},
						{"origin": [1, 3, 14.1], "size": [16, 16, 0], "pivot": [2, 3, 5], "rotation": [92.70569, 22.47741, -88.96491], "uv": [185, 124]},
						{"origin": [1, 3, 14.2], "size": [16, 16, 0], "pivot": [2, 3, 5], "rotation": [92.70569, 22.47741, -88.96491], "uv": [185, 124]},
						{"origin": [1, 3, 14.3], "size": [16, 16, 0], "pivot": [2, 3, 5], "rotation": [92.70569, 22.47741, -88.96491], "uv": [185, 124]},
						{"origin": [1, 3, 14.4], "size": [16, 16, 0], "pivot": [2, 3, 5], "rotation": [92.70569, 22.47741, -88.96491], "uv": [185, 124]},
						{"origin": [1, 3, 14.5], "size": [16, 16, 0], "pivot": [2, 3, 5], "rotation": [92.70569, 22.47741, -88.96491], "uv": [185, 124]}
					]
				},
				{
					"name": "spear",
					"parent": "arm2",
					"pivot": [2, 3, 4],
					"rotation": [10, 0, 0],
					"cubes": [
						{"origin": [1, 3, 13], "size": [22, 21, 0], "pivot": [2, 3, 4], "rotation": [92.70569, 22.47741, -88.96491], "uv": [2, 92]},
						{"origin": [1, 3, 13.1], "size": [22, 21, 0], "pivot": [2, 3, 4], "rotation": [92.70569, 22.47741, -88.96491], "uv": [2, 92]},
						{"origin": [1, 3, 13.2], "size": [22, 21, 0], "pivot": [2, 3, 4], "rotation": [92.70569, 22.47741, -88.96491], "uv": [2, 92]},
						{"origin": [1, 3, 13.3], "size": [22, 21, 0], "pivot": [2, 3, 4], "rotation": [92.70569, 22.47741, -88.96491], "uv": [2, 92]},
						{"origin": [1, 3, 13.4], "size": [22, 21, 0], "pivot": [2, 3, 4], "rotation": [92.70569, 22.47741, -88.96491], "uv": [2, 92]},
						{"origin": [1, 3, 13.5], "size": [22, 21, 0], "pivot": [2, 3, 4], "rotation": [92.70569, 22.47741, -88.96491], "uv": [2, 92]}
					]
				},
				{
					"name": "arm",
					"parent": "bone",
					"pivot": [6, 12, 0],
					"cubes": [
						{"origin": [5, 3, -2], "size": [3, 10, 3], "uv": [36, 0]}
					]
				},
				{
					"name": "head",
					"parent": "bone",
					"pivot": [0, 13, 0],
					"cubes": [
						{"origin": [-5.5, 12.9, -4], "size": [11, 8, 7], "uv": [0, 0]},
						{"origin": [-6, 13, -4.5], "size": [12, 8, 8], "inflate": 0.3, "uv": [3, 205]},
						{"origin": [-6, 14, -4.1], "size": [12, 8, 7], "inflate": 0.5, "uv": [166, 54]},
						{"origin": [-6, 13, -4.5], "size": [12, 8, 0], "uv": [73, 193]},
						{"origin": [-6, 13, -4.5], "size": [12, 8, 0], "uv": [32, 15]},
						{"origin": [-6, 14, -8.5], "size": [12, 8, 9], "pivot": [0, 0, 0], "rotation": [-10, 0, 0], "uv": [107, 28]},
						{"origin": [-6, 13, -4.5], "size": [12, 8, 6], "uv": [218, 89]},
						{"origin": [-6, 13, -5.2], "size": [12, 8, 8], "uv": [211, 204]},
						{"origin": [-6, 13, 3.5], "size": [12, 8, 0], "uv": [32, 15]},
						{"origin": [-4, 21, -5], "size": [8, 4, 8], "uv": [84, 80]},
						{"origin": [-8, 21.1, -9], "size": [16, 0, 16], "uv": [67, 128]},
						{"origin": [6, 13, -4.5], "size": [0, 8, 8], "uv": [0, 28]},
						{"origin": [-6, 21, -4.5], "size": [12, 0, 8], "uv": [0, 15]},
						{"origin": [-6, 13, -4.5], "size": [0, 8, 8], "uv": [0, 28]},
						{"origin": [-1, 18.48794, -0.01157], "size": [2, 2, 2], "pivot": [0, 4.98794, 5.98843], "rotation": [25, 0, 0], "uv": [8, 44]},
						{"origin": [-1, 14.46854, -1.12049], "size": [2, 4, 2], "pivot": [0, 1.96854, 1.87951], "rotation": [25, 0, 0], "uv": [0, 44]},
						{"origin": [-2.5, 14, 7], "size": [1, 3, 3], "pivot": [0, 0, 0], "rotation": [27.73121, -24.73906, -12.40748], "uv": [37, 43]},
						{"origin": [-2.5, 15, 10], "size": [1, 2, 2], "pivot": [0, 0, 0], "rotation": [27.73121, -24.73906, -12.40748], "uv": [29, 0]},
						{"origin": [1.5, 15, 10], "size": [1, 2, 2], "pivot": [0, 0, 0], "rotation": [27.73121, 24.73906, 12.40748], "uv": [0, 0]},
						{"origin": [1.5, 14, 7], "size": [1, 3, 3], "pivot": [0, 0, 0], "rotation": [27.73121, 24.73906, 12.40748], "uv": [0, 15]}
					]
				},
				{
					"name": "bone2",
					"parent": "head",
					"pivot": [0, 13, 0]
				},
				{
					"name": "backpack_of_the_traveler",
					"parent": "bone",
					"pivot": [-2, -9, 12],
					"rotation": [-160, 0, 180],
					"cubes": [
						{"origin": [-12, -28, -7], "size": [14, 10, 14], "inflate": -1, "pivot": [-2, -9, 12], "rotation": [180, 0, 0], "uv": [150, 203]},
						{"origin": [-6, -29, 6], "size": [2, 4, 1], "pivot": [-2, -9, 12], "rotation": [180, 0, 0], "uv": [150, 184]},
						{"origin": [-12, -31, -7], "size": [14, 5, 14], "inflate": -1, "pivot": [-2, -9, 12], "rotation": [180, 0, 0], "uv": [150, 184]}
					]
				},
				{
					"name": "leg",
					"parent": "goblin",
					"pivot": [2.5, 5, -0.5],
					"cubes": [
						{"origin": [1, 0, -2], "size": [3, 5, 3], "uv": [25, 43]}
					]
				},
				{
					"name": "leg2",
					"parent": "goblin",
					"pivot": [-2, 5, 0],
					"cubes": [
						{"origin": [-4, 0, -2], "size": [3, 5, 3], "uv": [25, 43]}
					]
				},
				{
					"name": "quest_hey",
					"pivot": [0, 0, -6],
					"cubes": [
						{"origin": [-7, 4, 0], "size": [16, 14, 0], "uv": [131, 239]}
					]
				}
			]
		}
	]
}