{
	"format_version": "1.12.0",
	"minecraft:geometry": [
		{
			"description": {
				"identifier": "geometry.unknown",
				"texture_width": 128,
				"texture_height": 128,
				"visible_bounds_width": 5,
				"visible_bounds_height": 3,
				"visible_bounds_offset": [0, 0.5, 0]
			},
			"bones": [
				{
					"name": "bone",
					"pivot": [2, 14, 0],
					"cubes": [
						{"origin": [17, -11, -1], "size": [6, 3, 2], "pivot": [0, -17, 0], "rotation": [0, 0, 7.5], "uv": [36, 73]},
						{"origin": [17, -8, -1], "size": [8, 3, 2], "pivot": [0, -17, 0], "rotation": [0, 0, 7.5], "uv": [57, 102]},
						{"origin": [17, -5, -1], "size": [3, 3, 2], "pivot": [0, -17, 0], "rotation": [0, 0, 7.5], "uv": [57, 102]},
						{"origin": [-15, -17, -1], "size": [32, 16, 2], "pivot": [0, -17, 0], "rotation": [0, 0, 7.5], "uv": [11, 98]},
						{"origin": [17, -17, -1], "size": [8, 3, 2], "pivot": [0, -17, 0], "rotation": [0, 0, 7.5], "uv": [23, 71]},
						{"origin": [17, -14, -1], "size": [11, 3, 2], "pivot": [0, -17, 0], "rotation": [0, 0, 7.5], "uv": [59, 104]},
						{"origin": [-23, -4, -1], "size": [8, 3, 2], "pivot": [0, -17, 0], "rotation": [0, 0, 7.5], "uv": [57, 102]},
						{"origin": [-26, -10, -1], "size": [11, 3, 2], "pivot": [0, -17, 0], "rotation": [0, 0, 7.5], "uv": [59, 104]},
						{"origin": [-21, -7, -1], "size": [6, 3, 2], "pivot": [0, -17, 0], "rotation": [0, 0, 7.5], "uv": [36, 73]},
						{"origin": [-18, -16, -1], "size": [3, 3, 2], "pivot": [0, -17, 0], "rotation": [0, 0, 7.5], "uv": [57, 102]},
						{"origin": [-23, -13, -1], "size": [8, 3, 2], "pivot": [0, -17, 0], "rotation": [0, 0, 7.5], "uv": [23, 71]},
						{"origin": [-0.5, -1, 6], "size": [0, 16, 3], "pivot": [0, -17, 0], "rotation": [0, -90, 0], "uv": [56, 19]},
						{"origin": [-7.5, -1, -2], "size": [0, 16, 3], "uv": [62, 19]},
						{"origin": [9.5, -3, -2], "size": [0, 16, 3], "uv": [62, 19]},
						{"origin": [16.5, -3, 6], "size": [0, 16, 3], "pivot": [17, -19, 0], "rotation": [0, -90, 0], "uv": [56, 19]},
						{"origin": [9.5, 11, -2], "size": [0, 4, 3], "uv": [62, 19]},
						{"origin": [16.5, 11, 6], "size": [0, 4, 3], "pivot": [17, -17, 0], "rotation": [0, -90, 0], "uv": [56, 19]}
					]
				}
			]
		}
	]
}