{
	"format_version": "1.12.0",
	"minecraft:geometry": [
		{
			"description": {
				"identifier": "geometry.unknown",
				"texture_width": 64,
				"texture_height": 64,
				"visible_bounds_width": 3,
				"visible_bounds_height": 2.5,
				"visible_bounds_offset": [0, 0.75, 0]
			},
			"bones": [
				{
					"name": "bone3",
					"pivot": [0, 0, 0]
				},
				{
					"name": "bone",
					"parent": "bone3",
					"pivot": [0, 0, 0],
					"cubes": [
						{"origin": [-8, 0, -7], "size": [16, 7, 14], "uv": [0, 43]},
						{"origin": [-8.5, 0, 5.5], "size": [2, 2, 2], "uv": [0, 0]},
						{"origin": [-8.5, 0, -7.5], "size": [2, 2, 2], "uv": [0, 0]},
						{"origin": [-6.5, 0, -7.5], "size": [13, 1, 1], "uv": [13, 2]},
						{"origin": [-6.5, 0, 6.5], "size": [13, 1, 1], "uv": [13, 2]},
						{"origin": [-8.5, 0, -5.5], "size": [1, 1, 11], "uv": [0, 2]},
						{"origin": [7.5, 0, -5.5], "size": [1, 1, 11], "uv": [0, 2]},
						{"origin": [-8.5, 7, -6.5], "size": [1, 1, 13], "uv": [-2, 0]},
						{"origin": [7.5, 7, -6.5], "size": [1, 1, 13], "uv": [-2, 0]},
						{"origin": [6.5, 0, 5.5], "size": [2, 2, 2], "uv": [0, 0]},
						{"origin": [6.5, 0, -7.5], "size": [2, 2, 2], "uv": [0, 0]},
						{"origin": [7.5, 2, -7.5], "size": [1, 5, 1], "uv": [9, 5]},
						{"origin": [-8.5, 2, -7.5], "size": [1, 5, 1], "uv": [9, 5]},
						{"origin": [-8.5, 2, 6.5], "size": [1, 5, 1], "uv": [9, 5]},
						{"origin": [7.5, 2, 6.5], "size": [1, 5, 1], "uv": [9, 5]},
						{"origin": [-7.5, 7, -7.5], "size": [15, 1, 1], "uv": [13, 2]},
						{"origin": [-7.5, 7, 6.5], "size": [15, 1, 1], "uv": [13, 2]}
					]
				},
				{
					"name": "bone2",
					"parent": "bone3",
					"pivot": [0, 7, 7],
					"cubes": [
						{"origin": [-6.5, 11.5, -7.5], "size": [13, 1, 1], "uv": [13, 2]},
						{"origin": [-8, 7, -7], "size": [16, 5, 14], "uv": [0, 15]},
						{"origin": [-8.5, 10.5, 5.5], "size": [2, 2, 2], "uv": [0, 0]},
						{"origin": [6.5, 10.5, 5.5], "size": [2, 2, 2], "uv": [0, 0]},
						{"origin": [-8.5, 10.5, -7.5], "size": [2, 2, 2], "uv": [0, 0]},
						{"origin": [-8.5, 7, -7.5], "size": [1, 4, 1], "uv": [1, 1]},
						{"origin": [7.5, 7, -7.5], "size": [1, 4, 1], "uv": [1, 1]},
						{"origin": [7.5, 7, 6.5], "size": [1, 4, 1], "uv": [1, 1]},
						{"origin": [-8.5, 7, 6.5], "size": [1, 4, 1], "uv": [1, 1]},
						{"origin": [6.5, 10.5, -7.5], "size": [2, 2, 2], "uv": [0, 0]},
						{"origin": [-1, 5, -8], "size": [2, 4, 1], "uv": [53, 1]},
						{"origin": [-8.5, 11.5, -5.5], "size": [1, 1, 11], "uv": [0, 2]},
						{"origin": [7.5, 11.5, -5.5], "size": [1, 1, 11], "uv": [0, 2]},
						{"origin": [-6.5, 11.5, 6.5], "size": [13, 1, 1], "uv": [13, 2]}
					]
				}
			]
		}
	]
}