{
	"format_version": "1.8.0",
	"animations": {
		"death": {
			"loop": "hold_on_last_frame",
			"animation_length": 0.6,
			"bones": {
				"bone9": {
					"position": {
						"0.0": [0, 0, 0],
						"0.12": [0, 5, 0]
					},
					"scale": {
						"0.0": [1, 1, 1],
						"0.12": [0.2, 0.7, 0.4]
					}
				},
				"bone10": {
					"rotation": {
						"0.0": [0, 0, 0],
						"0.12": [0, 0, 25],
						"0.2": [0, 0, 20]
					},
					"position": {
						"0.0": [0, 0, 0],
						"0.12": [0, -2, 0]
					}
				},
				"legss": {
					"position": {
						"0.0": [0, 0, 0],
						"0.12": [-3, 7, 0],
						"0.6": [-3, 2, 0]
					},
					"scale": {
						"0.0": [1, 1, 1],
						"0.12": [0.1, 0.6, 0]
					}
				}
			}
		},
		"idle": {
			"loop": true,
			"animation_length": 0.4,
			"bones": {
				"bone9": {
					"position": {
						"0.0": [0, 0, 0],
						"0.2": [0, -1, 0],
						"0.4": [0, 0, 0]
					}
				},
				"bone10": {
					"rotation": {
						"0.0": [0, 0, 0],
						"0.2": [0, 0, 5],
						"0.4": [0, 0, -2.5]
					}
				}
			}
		},
		"walking": {
			"loop": true,
			"animation_length": 0.56,
			"bones": {
				"leg2": {
					"rotation": {
						"0.0": [0, 0, 0],
						"0.12": [17.5, 0, 0],
						"0.24": [0, 0, 0]
					}
				},
				"bone9": {
					"position": {
						"0.0": [0, 0, 0],
						"0.2": [0, -1, 0],
						"0.44": [0, 0, 0]
					}
				},
				"bone10": {
					"position": {
						"0.0": [0, 0, 0],
						"0.2": [0, -1, 0],
						"0.44": [0, 0, 0]
					}
				},
				"leg3": {
					"rotation": {
						"0.16": [0, 0, 0],
						"0.28": [20, 0, 0],
						"0.4": [0, 0, 0]
					}
				},
				"leg7": {
					"rotation": {
						"0.28": [0, 0, 0],
						"0.4": [22.5, 0, 0],
						"0.52": [0, 0, 0]
					}
				},
				"leg4": {
					"rotation": {
						"0.0": [0, 0, 0],
						"0.12": [25, 0, 0],
						"0.24": [0, 0, 0]
					}
				},
				"leg5": {
					"rotation": {
						"0.12": [0, 0, 0],
						"0.28": [30, 0, 0],
						"0.4": [0, 0, 0]
					}
				},
				"leg6": {
					"rotation": {
						"0.28": [0, 0, 0],
						"0.4": [20, 0, 0],
						"0.52": [0, 0, 0]
					}
				}
			}
		},
		"attack": {
			"animation_length": 1.16,
			"bones": {
				"hermit": {
					"rotation": {
						"0.56": [0, 0, 0],
						"0.64": [0, 0, 0]
					},
					"position": {
						"0.56": [0, 0, 0],
						"0.64": [0, 0, -6],
						"0.92": [0, 0, 0]
					}
				},
				"bone9": {
					"position": {
						"0.0": [0, 0, 0],
						"0.44": [0, -1, 0]
					}
				},
				"bone10": {
					"position": {
						"0.0": [0, 0, 0],
						"0.44": [0, -1, 0]
					}
				}
			}
		}
	},
	"geckolib_format_version": 2
}