{
	"format_version": "1.8.0",
	"animations": {
		"hurt": {
			"animation_length": 0.36,
			"bones": {
				"body": {
					"rotation": {
						"0.0": {
							"vector": [0, 0, 0]
						},
						"0.12": {
							"vector": [10, 10, 0]
						},
						"0.16": {
							"vector": [2.46436, 2.50702, -0.32653]
						},
						"0.2": {
							"vector": [9.96697, -4.98309, -0.65222]
						},
						"0.28": {
							"vector": [-0.02991, -2.48, -0.65131]
						}
					},
					"position": {
						"0.0": {
							"vector": [0, 0, 0]
						},
						"0.12": {
							"vector": [0, 4, 0]
						},
						"0.28": {
							"vector": [0, 0, 0]
						}
					}
				},
				"leg1": {
					"rotation": {
						"0.0": {
							"vector": [0, 0, 0]
						},
						"0.12": {
							"vector": [17.5, 10, 0]
						},
						"0.28": {
							"vector": [0, -2.5, 0]
						}
					},
					"position": {
						"0.0": {
							"vector": [0, 0, 0]
						},
						"0.12": {
							"vector": [0, 5, 0]
						},
						"0.28": {
							"vector": [0, 0, 0]
						}
					}
				},
				"leg2": {
					"rotation": {
						"0.0": {
							"vector": [0, 0, 0]
						},
						"0.12": {
							"vector": [22.5, 0, 0]
						},
						"0.28": {
							"vector": [2.5, 0, 0]
						}
					},
					"position": {
						"0.0": {
							"vector": [0, 0, 0]
						},
						"0.12": {
							"vector": [0, 5, 0]
						},
						"0.28": {
							"vector": [0, 0, 1]
						}
					}
				}
			}
		},
		"walk": {
			"animation_length": 0.48,
			"bones": {
				"body": {
					"rotation": {
						"0.0": {
							"vector": [0, 0, 0]
						},
						"0.12": {
							"vector": [0, 0, -2.5]
						},
						"0.24": {
							"vector": [0, 0, 0]
						},
						"0.36": {
							"vector": [0, 0, 5]
						},
						"0.48": {
							"vector": [0, 0, 0]
						}
					}
				},
				"leg1": {
					"rotation": {
						"0.0": {
							"vector": [0, 0, 0]
						},
						"0.08": {
							"vector": [-27.5, 0, 0]
						},
						"0.16": {
							"vector": [0, 0, 0]
						},
						"0.24": {
							"vector": [17.5, 0, 0]
						}
					}
				},
				"leg2": {
					"rotation": {
						"0.0": {
							"vector": [0, 0, 0]
						},
						"0.08": {
							"vector": [25, 0, 0]
						},
						"0.16": {
							"vector": [0, 0, 0]
						},
						"0.24": {
							"vector": [-20, 0, 0]
						}
					}
				},
				"vine2": {
					"rotation": {
						"0.0": {
							"vector": [0, 0, 0]
						},
						"0.12": {
							"vector": [0, 10, 0]
						},
						"0.24": {
							"vector": [0, 5, 0]
						},
						"0.36": {
							"vector": [0, 0, 0]
						}
					}
				},
				"vine": {
					"rotation": {
						"0.0": {
							"vector": [0, 0, 0]
						},
						"0.12": {
							"vector": [0, -10, 0]
						},
						"0.24": {
							"vector": [0, -5, 0]
						},
						"0.36": {
							"vector": [0, 2.5, 0]
						}
					}
				},
				"bodyy": {
					"position": {
						"0.0": {
							"vector": [0, 0, 0]
						},
						"0.12": {
							"vector": [0, -1, 0]
						},
						"0.24": {
							"vector": [0, 0, 0]
						}
					}
				}
			}
		},
		"dancing": {
			"animation_length": 0.76,
			"bones": {
				"body": {
					"rotation": {
						"0.0": {
							"vector": [0, 0, 0]
						},
						"0.2": {
							"vector": [0, 0, -5]
						},
						"0.4": {
							"vector": [0, 0, 0]
						},
						"0.6": {
							"vector": [0, 0, 10]
						},
						"0.76": {
							"vector": [0, 0, 0]
						}
					},
					"position": {
						"0.0": {
							"vector": [0, 0, 0]
						},
						"0.2": {
							"vector": [0, -1, 0]
						},
						"0.4": {
							"vector": [0, 0, 0]
						},
						"0.6": {
							"vector": [0, -1, 0]
						},
						"0.76": {
							"vector": [0, 0, 0]
						}
					}
				},
				"arm1": {
					"rotation": {
						"0.0": {
							"vector": [0, 0, 0]
						},
						"0.2": {
							"vector": [0, 0, 130]
						},
						"0.4": {
							"vector": [0, 0, 112.5]
						},
						"0.6": {
							"vector": [0, 0, 130]
						},
						"0.76": {
							"vector": [0, 0, 27.5]
						}
					},
					"position": {
						"0.0": {
							"vector": [0, 0, 0]
						},
						"0.2": {
							"vector": [-21, 10, 0]
						},
						"0.4": {
							"vector": [-21, 9, 0]
						},
						"0.6": {
							"vector": [-21, 11, 0]
						},
						"0.76": {
							"vector": [-6, -1, 0]
						}
					}
				},
				"arm2": {
					"rotation": {
						"0.0": {
							"vector": [0, 0, 0]
						},
						"0.2": {
							"vector": [0, 0, -92.5]
						},
						"0.4": {
							"vector": [0, 0, -80]
						},
						"0.6": {
							"vector": [0, 0, -112.5]
						}
					},
					"position": {
						"0.0": {
							"vector": [0, 0, 0]
						},
						"0.2": {
							"vector": [-11, 26, 0]
						},
						"0.4": {
							"vector": [-3, 27, 0]
						},
						"0.6": {
							"vector": [-16, 30, 0]
						},
						"0.76": {
							"vector": [-16, 30, 0]
						}
					}
				},
				"plantt": {
					"position": {
						"0.0": {
							"vector": [0, 0, 0]
						},
						"0.2": {
							"vector": [0, -9, 0]
						},
						"0.4": {
							"vector": [0, -2, -1]
						}
					}
				},
				"leaf": {
					"position": {
						"0.0": {
							"vector": [0, 0, 0]
						},
						"0.2": {
							"vector": [0, -3, 0]
						},
						"0.4": {
							"vector": [0, 1, 0]
						}
					}
				},
				"leaf2": {
					"position": {
						"0.0": {
							"vector": [0, 0, 0]
						},
						"0.2": {
							"vector": [0, -3, 0]
						},
						"0.4": {
							"vector": [0, 1, 0]
						}
					}
				},
				"stem": {
					"position": {
						"vector": [0, 0, 0]
					},
					"scale": {
						"0.0": {
							"vector": [1, 1, 1]
						},
						"0.2": {
							"vector": [1, 0.7, 1]
						},
						"0.4": {
							"vector": [1, 1, 1]
						}
					}
				}
			}
		},
		"death": {
			"animation_length": 1.04,
			"bones": {
				"arm1": {
					"rotation": {
						"0.6": {
							"vector": [0, 0, 0]
						},
						"0.72": {
							"vector": [0, 0, 27.5]
						}
					},
					"position": {
						"0.6": {
							"vector": [0, 0, 0]
						},
						"0.72": {
							"vector": [-5, -7, 0]
						}
					}
				},
				"bodyy": {
					"position": {
						"0.6": {
							"vector": [0, 0, 0]
						},
						"0.72": {
							"vector": [0, -7, 0]
						}
					}
				},
				"arm2": {
					"rotation": {
						"0.44": {
							"vector": [0, 0, 0]
						},
						"0.72": {
							"vector": [0, 0, 0]
						},
						"1.04": {
							"vector": [0, 0, -20]
						}
					},
					"position": {
						"0.44": {
							"vector": [0, 0, 0]
						},
						"0.72": {
							"vector": [0, 0, 0]
						},
						"1.04": {
							"vector": [1, 4, 0]
						}
					}
				},
				"plantt": {
					"position": {
						"0.0": {
							"vector": [0, 0, 0]
						},
						"0.2": {
							"vector": [-5, -36, -14]
						}
					},
					"scale": {
						"0.0": {
							"vector": [1, 1, 1]
						},
						"0.2": {
							"vector": [0.1, 1, -0.1]
						}
					}
				},
				"bone": {
					"position": {
						"0.0": {
							"vector": [0, 0, 0]
						},
						"0.2": {
							"vector": [0, 0, 0]
						},
						"0.6": {
							"vector": [0, 0, 25]
						}
					},
					"scale": {
						"0.0": {
							"vector": [1, 1, 1]
						},
						"0.2": {
							"vector": [1, 1, 1]
						},
						"0.6": {
							"vector": [0.2, 0, 0.2]
						}
					}
				}
			}
		},
		"idle": {
			"animation_length": 0.8,
			"bones": {
				"body": {
					"position": {
						"0.0": {
							"vector": [0, 0, 0]
						},
						"0.2": {
							"vector": [0, -1, 0]
						},
						"0.48": {
							"vector": [0, 0, 0]
						}
					}
				}
			}
		},
		"when in water": {
			"animation_length": 0.44,
			"bones": {
				"body": {
					"position": {
						"0.0": {
							"vector": [0, 0, 0]
						},
						"0.2": {
							"vector": [0, 2, 0]
						},
						"0.4": {
							"vector": [0, 0, 0]
						}
					}
				},
				"arm1": {
					"rotation": {
						"0.0": {
							"vector": [0, 0, 0]
						},
						"0.2": {
							"vector": [0, 0, 100]
						},
						"0.4": {
							"vector": [0, 0, 0]
						}
					},
					"position": {
						"0.0": {
							"vector": [0, 0, 0]
						},
						"0.2": {
							"vector": [-21, 5, 0]
						},
						"0.4": {
							"vector": [0, 0, 0]
						}
					}
				},
				"arm2": {
					"rotation": {
						"0.0": {
							"vector": [0, 0, 0]
						},
						"0.2": {
							"vector": [0, 0, -77.5]
						},
						"0.4": {
							"vector": [0, 0, 0]
						}
					},
					"position": {
						"0.0": {
							"vector": [0, 0, 0]
						},
						"0.2": {
							"vector": [-3, 27, 0]
						},
						"0.4": {
							"vector": [0, 1, 0]
						}
					}
				},
				"leg1": {
					"rotation": {
						"0.0": {
							"vector": [0, 0, 0]
						},
						"0.2": {
							"vector": [-37.5, 0, 0]
						},
						"0.44": {
							"vector": [0, 0, 0]
						}
					},
					"position": {
						"0.0": {
							"vector": [0, 0, 0]
						},
						"0.2": {
							"vector": [0, 2, 0]
						},
						"0.44": {
							"vector": [0, 0, 0]
						}
					}
				},
				"leg2": {
					"rotation": {
						"0.0": {
							"vector": [0, 0, 0]
						},
						"0.2": {
							"vector": [35, 0, 0]
						},
						"0.44": {
							"vector": [-5, 0, 0]
						}
					},
					"position": {
						"0.0": {
							"vector": [0, 0, 0]
						},
						"0.2": {
							"vector": [0, 2, 0]
						},
						"0.44": {
							"vector": [0, 0, 0]
						}
					}
				}
			}
		}
	},
	"geckolib_format_version": 2
}