{
	"format_version": "1.8.0",
	"animations": {
		"liquid_pouring": {
			"animation_length": 0.48,
			"bones": {
				"bone": {
					"scale": {
						"vector": [1, 1, 1]
					}
				},
				"bone2": {
					"position": {
						"0.0": {
							"vector": [0, 0, 0]
						},
						"0.48": {
							"vector": [0, -14, 0]
						}
					},
					"scale": {
						"0.0": {
							"vector": [1, 1, 1]
						},
						"0.48": {
							"vector": [1, 5.7, 1]
						}
					}
				}
			}
		}
	},
	"geckolib_format_version": 2
}