{
	"format_version": "1.8.0",
	"animations": {
		"idle": {
			"loop": true,
			"animation_length": 0.72,
			"bones": {
				"golbin": {
					"position": {
						"0.0": {
							"vector": [0, 0, 0]
						},
						"0.32": {
							"vector": [0, -1, 0]
						},
						"0.72": {
							"vector": [0, 1, 0]
						}
					}
				}
			}
		},
		"swing_attack": {
			"animation_length": 0.76,
			"bones": {
				"golbin": {
					"rotation": {
						"0.0": {
							"vector": [0, 0, 0]
						},
						"0.28": {
							"vector": [7.56397, 7.43547, 0.98448]
						},
						"0.52": {
							"vector": [-4.23489, 24.77164, 3.48303]
						}
					},
					"position": {
						"vector": [0, 0, 0]
					}
				},
				"rigth_arm": {
					"rotation": {
						"0.0": {
							"vector": [0, 0, 0]
						},
						"0.28": {
							"vector": [-85.35088, -32.0245, 74.43421]
						},
						"0.52": {
							"vector": [17.14912, -32.0245, 74.43421]
						}
					},
					"position": {
						"0.0": {
							"vector": [0, 0, 0]
						},
						"0.52": {
							"vector": [6, 0, 0]
						}
					}
				}
			}
		},
		"destroy_attack": {
			"animation_length": 0.92,
			"bones": {
				"golbin": {
					"rotation": {
						"0.0": {
							"vector": [0, 0, 0]
						},
						"0.28": {
							"vector": [-15, 0, 0]
						},
						"0.52": {
							"vector": [7.5, 0, 0]
						}
					},
					"position": {
						"vector": [0, 0, 0]
					}
				},
				"left_arm": {
					"rotation": {
						"0.0": {
							"vector": [0, 0, 0]
						},
						"0.28": {
							"vector": [0, 0, -187.5]
						},
						"0.4": {
							"vector": [-84.6809, -19.92066, -189.31693]
						}
					},
					"position": {
						"0.0": {
							"vector": [0, 0, 0]
						},
						"0.28": {
							"vector": [0, -1, 0]
						}
					}
				},
				"rigth_arm": {
					"rotation": {
						"0.0": {
							"vector": [0, 0, 0]
						},
						"0.28": {
							"vector": [0, 0, 185]
						},
						"0.4": {
							"vector": [-92.27926, 9.65594, 187.61298]
						}
					},
					"position": {
						"0.0": {
							"vector": [0, 0, 0]
						},
						"0.28": {
							"vector": [0, -4, 0]
						}
					}
				},
				"sword": {
					"rotation": {
						"0.0": {
							"vector": [0, 0, 0]
						},
						"0.32": {
							"vector": [0, 0, 0]
						},
						"0.4": {
							"vector": [11.23844, -2.49628, 69.47195]
						}
					},
					"position": {
						"0.0": {
							"vector": [0, 0, 0]
						},
						"0.32": {
							"vector": [0, 0, 0]
						},
						"0.4": {
							"vector": [11, -11, 1]
						}
					}
				},
				"adhs": {
					"rotation": {
						"vector": [0, 0, 0]
					},
					"position": {
						"vector": [0, 0, 0]
					},
					"scale": {
						"0.0": {
							"vector": [1, 1, 1]
						},
						"0.36": {
							"vector": [1, 1, 1]
						},
						"0.52": {
							"vector": [13, 1, 13.8]
						},
						"0.64": {
							"vector": [25.7, 1, 25.6]
						}
					}
				}
			}
		},
		"walk": {
			"loop": true,
			"animation_length": 0.92,
			"bones": {
				"left_arm": {
					"rotation": {
						"0.0": {
							"vector": [0, 0, 0]
						},
						"0.44": {
							"vector": [27.5, 0, 0]
						},
						"0.88": {
							"vector": [-17.5, 0, 0]
						}
					}
				},
				"rigth_arm": {
					"rotation": {
						"0.0": {
							"vector": [0, 0, 0]
						},
						"0.44": {
							"vector": [-25, 0, 0]
						},
						"0.88": {
							"vector": [15, 0, 0]
						}
					}
				},
				"right_leg": {
					"rotation": {
						"0.0": {
							"vector": [0, 0, 0]
						},
						"0.44": {
							"vector": [20, 0, 0]
						},
						"0.88": {
							"vector": [-17.5, 0, 0]
						}
					}
				},
				"left_leg": {
					"rotation": {
						"0.0": {
							"vector": [0, 0, 0]
						},
						"0.44": {
							"vector": [-22.5, 0, 0]
						},
						"0.88": {
							"vector": [27.5, 0, 0]
						}
					}
				},
				"golbin": {
					"rotation": {
						"0.0": {
							"vector": [0, 0, 0]
						},
						"0.44": {
							"vector": [0, 0, 7.5]
						},
						"0.88": {
							"vector": [0, 0, -7.5]
						}
					},
					"position": {
						"0.0": {
							"vector": [0, 0, 0]
						},
						"0.44": {
							"vector": [0, -1, 0]
						},
						"0.88": {
							"vector": [0, 0, 0]
						}
					}
				}
			}
		},
		"summon": {
			"animation_length": 1.08,
			"bones": {
				"golbin": {
					"rotation": {
						"0.0": [0, 0, 0],
						"0.08": [-12.5, 0, 0],
						"1.08": [0, 0, 0]
					},
					"position": {
						"0.0": [0, 0, 0],
						"0.08": [0, 0, 4],
						"1.08": [0, 0, 1]
					}
				},
				"left_arm": {
					"rotation": {
						"0.0": [0, 0, 0],
						"0.2": [0, 0, -145],
						"0.32": [0, 0, -155],
						"0.52": [0, 0, -145],
						"0.68": [0, 0, -160],
						"0.88": [0, 0, -145],
						"1.08": [0, 0, -2.5]
					},
					"position": {
						"0.0": [0, 0, 0],
						"0.2": [0, -2, 0],
						"1.08": [0, 0, 0]
					}
				},
				"rigth_arm": {
					"rotation": {
						"0.0": [0, 0, 0],
						"0.2": [0, 0, 150],
						"0.32": [0, 0, 160],
						"0.52": [0, 0, 147.5],
						"0.68": [0, 0, 155],
						"0.88": [0, 0, 150],
						"1.08": [0, 0, 2.5]
					},
					"position": {
						"0.0": [0, 0, 0],
						"0.2": [0, -5, 0],
						"0.32": [1, -5.25, 0],
						"0.52": [1.77, -4.27, 0],
						"0.68": [1.24, -4.29, 0],
						"0.88": [0.71, -3.88, 0],
						"1.08": [0, 0, 0]
					}
				}
			}
		},
		"death": {
			"loop": "hold_on_last_frame",
			"animation_length": 0.56,
			"bones": {
				"golbin": {
					"rotation": {
						"0.0": {
							"vector": [0, 0, 0]
						},
						"0.36": {
							"vector": [97.5, 0, 0]
						}
					},
					"position": {
						"0.0": {
							"vector": [0, 0, 0]
						},
						"0.36": {
							"vector": [0, -5, -12]
						}
					}
				},
				"left_arm": {
					"rotation": {
						"0.0": {
							"vector": [0, 0, 0]
						},
						"0.36": {
							"vector": [-147.9139, 4.70081, -8.85014]
						}
					},
					"position": {
						"vector": [0, 0, 0]
					}
				},
				"rigth_arm": {
					"rotation": {
						"0.0": {
							"vector": [0, 0, 0]
						},
						"0.36": {
							"vector": [-145.3575, -5.15955, 8.55268]
						}
					},
					"position": {
						"vector": [0, 0, 0]
					}
				}
			}
		},
		"scream": {
			"animation_length": 0.84,
			"bones": {
				"golbin": {
					"rotation": {
						"0.0": {
							"vector": [0, 0, 0]
						},
						"0.16": {
							"vector": [45, 0, 0]
						}
					},
					"position": {
						"0.0": {
							"vector": [0, 0, 0]
						},
						"0.16": {
							"vector": [0, 0, -9]
						}
					}
				},
				"head": {
					"rotation": {
						"0.0": {
							"vector": [0, 0, 0]
						},
						"0.08": {
							"vector": [-31.25, 0, 0]
						},
						"0.12": {
							"vector": [-34.37, 0, 0]
						},
						"0.16": {
							"vector": [-47.5, 0, 0]
						}
					},
					"position": {
						"0.0": {
							"vector": [0, 0, 0]
						},
						"0.16": {
							"vector": [0, -1, -4]
						}
					}
				},
				"left_arm": {
					"rotation": {
						"0.0": {
							"vector": [0, 0, 0]
						},
						"0.16": {
							"vector": [22.5, -45, -30]
						}
					},
					"position": {
						"vector": [0, 0, 0]
					}
				},
				"rigth_arm": {
					"rotation": {
						"0.0": {
							"vector": [0, 0, 0]
						},
						"0.16": {
							"vector": [18.7494, -2.16489, 30.02363]
						}
					},
					"position": {
						"vector": [0, 0, 0]
					}
				},
				"adhs": {
					"rotation": {
						"0.0": {
							"vector": [0, 0, 0]
						},
						"0.16": {
							"vector": [92.5, 0, 0]
						}
					},
					"position": {
						"0.0": {
							"vector": [0, 0, 0]
						},
						"0.16": {
							"vector": [0, 37, -30]
						},
						"0.32": {
							"vector": [0, 37, -106]
						},
						"0.44": {
							"vector": [0, 37, -129]
						}
					},
					"scale": {
						"0.0": {
							"vector": [1, 1, 1]
						},
						"0.32": {
							"vector": [6.3, 1, 6.7]
						},
						"0.44": {
							"vector": [13.9, 1, 12.3]
						}
					}
				}
			}
		}
	},
	"geckolib_format_version": 2
}