{
	"format_version": "1.8.0",
	"animations": {
		"death": {
			"loop": "hold_on_last_frame",
			"animation_length": 0.6,
			"bones": {
				"bone9": {
					"position": {
						"0.0": {
							"vector": [0, 0, 0]
						},
						"0.12": {
							"vector": [0, 5, 0]
						}
					},
					"scale": {
						"0.0": {
							"vector": [1, 1, 1]
						},
						"0.12": {
							"vector": [0.2, 0.7, 0.4]
						}
					}
				},
				"bone10": {
					"rotation": {
						"0.0": {
							"vector": [0, 0, 0]
						},
						"0.12": {
							"vector": [0, 0, 25]
						},
						"0.2": {
							"vector": [0, 0, 20]
						}
					},
					"position": {
						"0.0": {
							"vector": [0, 0, 0]
						},
						"0.12": {
							"vector": [0, -2, 0]
						}
					}
				},
				"legss": {
					"position": {
						"0.0": {
							"vector": [0, 0, 0]
						},
						"0.12": {
							"vector": [-3, 7, 0]
						}
					},
					"scale": {
						"0.0": {
							"vector": [1, 1, 1]
						},
						"0.12": {
							"vector": [0.1, 0.6, 0]
						}
					}
				}
			}
		},
		"idle": {
			"loop": true,
			"animation_length": 0.4,
			"bones": {
				"bone9": {
					"position": {
						"0.0": {
							"vector": [0, 0, 0]
						},
						"0.2": {
							"vector": [0, -1, 0]
						},
						"0.4": {
							"vector": [0, 0, 0]
						}
					}
				},
				"bone10": {
					"rotation": {
						"0.0": {
							"vector": [0, 0, 0]
						},
						"0.2": {
							"vector": [0, 0, 5]
						},
						"0.4": {
							"vector": [0, 0, -2.5]
						}
					}
				}
			}
		},
		"attack": {
			"animation_length": 1.16,
			"bones": {
				"hermit": {
					"rotation": {
						"0.56": {
							"vector": [0, 0, 0]
						},
						"0.64": {
							"vector": [0, 0, 10]
						}
					},
					"position": {
						"0.56": {
							"vector": [0, 0, 0]
						},
						"0.64": {
							"vector": [8, 0, 0]
						},
						"0.72": {
							"vector": [0, 0, 0]
						}
					}
				},
				"bone9": {
					"position": {
						"0.0": {
							"vector": [0, 0, 0]
						},
						"0.44": {
							"vector": [0, -1, 0]
						}
					}
				},
				"bone10": {
					"position": {
						"0.0": {
							"vector": [0, 0, 0]
						},
						"0.44": {
							"vector": [0, -1, 0]
						}
					}
				}
			}
		},
		"swim": {
			"loop": "hold_on_last_frame",
			"animation_length": 1.16,
			"bones": {
				"hermit": {
					"position": {
						"0.12": {
							"vector": [0, 0, 0]
						},
						"0.36": {
							"vector": [0, -3, 0]
						},
						"0.64": {
							"vector": [0, 0, 0]
						},
						"0.92": {
							"vector": [0, -3, 0]
						},
						"1.16": {
							"vector": [0, -1, 0]
						}
					}
				},
				"leg2": {
					"rotation": {
						"0.0": {
							"vector": [0, 0, 0]
						},
						"0.12": {
							"vector": [0, 0, 85]
						}
					}
				},
				"leg3": {
					"rotation": {
						"0.0": {
							"vector": [0, 0, 0]
						},
						"0.12": {
							"vector": [-15, 0, 85]
						}
					}
				},
				"leg7": {
					"rotation": {
						"0.0": {
							"vector": [0, 0, 0]
						},
						"0.12": {
							"vector": [-32.5, 0, 85]
						}
					}
				},
				"bone10": {
					"rotation": {
						"0.2": {
							"vector": [0, 0, 0]
						},
						"0.44": {
							"vector": [0, 0, 10]
						},
						"0.68": {
							"vector": [0, 0, 0]
						}
					}
				},
				"leg4": {
					"rotation": {
						"0.0": {
							"vector": [0, 0, 0]
						},
						"0.12": {
							"vector": [0, 0, 85]
						}
					}
				},
				"leg5": {
					"rotation": {
						"0.0": {
							"vector": [0, 0, 0]
						},
						"0.12": {
							"vector": [-10, 0, 87.5]
						}
					}
				},
				"leg6": {
					"rotation": {
						"0.0": {
							"vector": [0, 0, 0]
						},
						"0.12": {
							"vector": [-35, 0, 77.5]
						}
					}
				}
			}
		},
		"walking": {
			"loop": true,
			"animation_length": 0.56,
			"bones": {
				"leg2": {
					"rotation": {
						"0.0": {
							"vector": [0, 0, 0]
						},
						"0.12": {
							"vector": [17.5, 0, 0]
						},
						"0.24": {
							"vector": [0, 0, 0]
						}
					}
				},
				"bone9": {
					"position": {
						"0.0": {
							"vector": [0, 0, 0]
						},
						"0.2": {
							"vector": [0, -1, 0]
						},
						"0.44": {
							"vector": [0, 0, 0]
						}
					}
				},
				"bone10": {
					"position": {
						"0.0": {
							"vector": [0, 0, 0]
						},
						"0.2": {
							"vector": [0, -1, 0]
						},
						"0.44": {
							"vector": [0, 0, 0]
						}
					}
				},
				"leg3": {
					"rotation": {
						"0.16": {
							"vector": [0, 0, 0]
						},
						"0.28": {
							"vector": [20, 0, 0]
						},
						"0.4": {
							"vector": [0, 0, 0]
						}
					}
				},
				"leg7": {
					"rotation": {
						"0.28": {
							"vector": [0, 0, 0]
						},
						"0.4": {
							"vector": [22.5, 0, 0]
						},
						"0.52": {
							"vector": [0, 0, 0]
						}
					}
				},
				"leg4": {
					"rotation": {
						"0.0": {
							"vector": [0, 0, 0]
						},
						"0.12": {
							"vector": [25, 0, 0]
						},
						"0.24": {
							"vector": [0, 0, 0]
						}
					}
				},
				"leg5": {
					"rotation": {
						"0.12": {
							"vector": [0, 0, 0]
						},
						"0.28": {
							"vector": [30, 0, 0]
						},
						"0.4": {
							"vector": [0, 0, 0]
						}
					}
				},
				"leg6": {
					"rotation": {
						"0.28": {
							"vector": [0, 0, 0]
						},
						"0.4": {
							"vector": [20, 0, 0]
						},
						"0.52": {
							"vector": [0, 0, 0]
						}
					}
				}
			}
		},
		"digging": {
			"loop": "hold_on_last_frame",
			"animation_length": 0.4,
			"bones": {
				"legss": {
					"rotation": {
						"0.0": {
							"vector": [0, 0, 0]
						},
						"0.16": {
							"vector": [0, 0, 37.5]
						}
					},
					"position": {
						"0.0": {
							"vector": [0, 0, 0]
						},
						"0.16": {
							"vector": [11, -13, 0]
						}
					}
				},
				"bone9": {
					"rotation": {
						"vector": [0, 0, 0]
					},
					"position": {
						"vector": [0, 0, 0]
					}
				},
				"bone10": {
					"rotation": {
						"0.0": {
							"vector": [0, 0, 0]
						},
						"0.16": {
							"vector": [0, 0, 42.5]
						}
					},
					"position": {
						"0.0": {
							"vector": [0, 0, 0]
						},
						"0.16": {
							"vector": [17, -21, 0]
						}
					}
				}
			}
		}
	},
	"geckolib_format_version": 2
}