{
	"format_version": "1.8.0",
	"animations": {
		"walk": {
			"loop": true,
			"animation_length": 0.88,
			"bones": {
				"arm": {
					"rotation": {
						"0.0": {
							"vector": [0, 0, 0]
						},
						"0.28": {
							"vector": [17.5, 0, 0]
						},
						"0.52": {
							"vector": [0, 0, 0]
						},
						"0.8": {
							"vector": [-15, 0, 0]
						}
					}
				},
				"leg": {
					"rotation": {
						"0.0": {
							"vector": [0, 0, 0]
						},
						"0.28": {
							"vector": [-22.5, 0, 0]
						},
						"0.52": {
							"vector": [0, 0, 0]
						},
						"0.8": {
							"vector": [25, 0, 0]
						}
					}
				},
				"leg2": {
					"rotation": {
						"0.0": {
							"vector": [0, 0, 0]
						},
						"0.28": {
							"vector": [25, 0, 0]
						},
						"0.52": {
							"vector": [0, 0, 0]
						},
						"0.8": {
							"vector": [-22.5, 0, 0]
						}
					}
				},
				"bone": {
					"rotation": {
						"0.0": {
							"vector": [0, 0, 0]
						},
						"0.28": {
							"vector": [0, 0, 7.5]
						},
						"0.52": {
							"vector": [0, 0, 0]
						},
						"0.8": {
							"vector": [0, 0, -5]
						}
					},
					"position": {
						"0.0": {
							"vector": [0, 0, 0]
						},
						"0.28": {
							"vector": [0, -1, 0]
						},
						"0.52": {
							"vector": [0, 0, 0]
						},
						"0.8": {
							"vector": [0, -1, 0]
						}
					}
				},
				"arm2": {
					"rotation": {
						"0.0": {
							"vector": [0, 0, 0]
						},
						"0.28": {
							"vector": [-30, 0, 0]
						},
						"0.52": {
							"vector": [0, 0, 0]
						},
						"0.8": {
							"vector": [20, 0, 0]
						}
					}
				}
			}
		},
		"idle": {
			"loop": true,
			"animation_length": 0.72,
			"bones": {
				"bone": {
					"position": {
						"0.0": {
							"vector": [0, 0, 0]
						},
						"0.36": {
							"vector": [0, -1, 0]
						},
						"0.72": {
							"vector": [0, 0, 0]
						}
					}
				}
			}
		},
		"farming": {
			"loop": true,
			"animation_length": 1.04,
			"bones": {
				"bone": {
					"rotation": {
						"0.0": {
							"vector": [0, 0, 0]
						},
						"0.36": {
							"vector": [42.5, 0, 0]
						},
						"0.88": {
							"vector": [0, 0, 0]
						}
					},
					"position": {
						"0.0": {
							"vector": [0, 0, 0]
						},
						"0.36": {
							"vector": [0, 0, -1]
						},
						"0.88": {
							"vector": [0, 0, 0]
						}
					}
				},
				"arm2": {
					"rotation": {
						"0.0": {
							"vector": [0, 0, 0]
						},
						"0.36": {
							"vector": [-57.5, -35, 0]
						},
						"0.6": {
							"vector": [-107.5, -35, 0]
						},
						"0.72": {
							"vector": [-19.81, -19.97, 0.46]
						},
						"0.88": {
							"vector": [-2.04684, 0.0637, 1.06477]
						}
					},
					"position": {
						"vector": [0, 0, 0]
					}
				},
				"arm": {
					"rotation": {
						"0.0": {
							"vector": [0, 0, 0]
						},
						"0.36": {
							"vector": [-41.4956, 45.37613, 29.27097]
						},
						"0.6": {
							"vector": [-89, 45.38, 29.27]
						},
						"0.72": {
							"vector": [-50.32, 27.63, 15.99]
						},
						"0.88": {
							"vector": [1.24354, 3.97484, -1.70815]
						}
					},
					"position": {
						"vector": [0, 0, 0]
					}
				},
				"hoe": {
					"position": {
						"0.36": {
							"vector": [0, 0, 0]
						},
						"0.48": {
							"vector": [0, 0, -2]
						}
					}
				}
			}
		},
		"forging_armor": {
			"loop": true,
			"animation_length": 0.96,
			"bones": {
				"bone": {
					"rotation": {
						"0.0": {
							"vector": [0, 0, 0]
						},
						"0.36": {
							"vector": [7.5, 0, 0]
						}
					}
				},
				"arm2": {
					"rotation": {
						"0.0": {
							"vector": [0, 0, 0]
						},
						"0.36": {
							"vector": [-120.29362, 12.19908, -2.74715]
						},
						"0.68": {
							"vector": [-42.92638, -14.63639, 3.31914]
						},
						"0.96": {
							"vector": [-0.10525, 0.38155, 1.5393]
						}
					}
				},
				"arm": {
					"rotation": {
						"0.0": {
							"vector": [0, 0, 0]
						},
						"0.36": {
							"vector": [-84.59039, 22.40972, 2.06754]
						}
					},
					"position": {
						"0.0": {
							"vector": [0, 0, 0]
						},
						"0.36": {
							"vector": [0, -2, -1]
						}
					}
				}
			}
		},
		"guard_defend": {
			"loop": "hold_on_last_frame",
			"animation_length": 1.6,
			"bones": {
				"bone": {
					"rotation": {
						"0.0": {
							"vector": [0, 0, 0]
						},
						"0.16": {
							"vector": [7.5, 0, 0]
						},
						"0.48": {
							"vector": [7.5, 0, 0]
						},
						"1.24": {
							"vector": [0, 0, 0]
						}
					},
					"position": {
						"vector": [0, -1, 0]
					}
				},
				"arm2": {
					"rotation": {
						"0.08": {
							"vector": [0, 0, 0]
						},
						"0.36": {
							"vector": [-36.58, -33.36, -31.42]
						},
						"1.44": {
							"vector": [-36.58, -33.36, -31.42]
						},
						"1.6": {
							"vector": [-2.12729, 0.50038, -3.95459]
						}
					}
				},
				"spear": {
					"rotation": {
						"0.0": {
							"vector": [0, 0, 0]
						},
						"0.36": {
							"vector": [32.5, 0, 0]
						},
						"1.24": {
							"vector": [12.5, 0, 0]
						}
					},
					"position": {
						"0.0": {
							"vector": [0, 0, 0]
						},
						"0.36": {
							"vector": [0, 3, 0]
						},
						"1.24": {
							"vector": [0, 2, 0]
						}
					}
				},
				"arm": {
					"rotation": {
						"0.0": {
							"vector": [0, 0, 0]
						},
						"0.08": {
							"vector": [0, 0, 0]
						},
						"0.36": {
							"vector": [-63.62779, 32.18826, 4.75346]
						},
						"1.44": {
							"vector": [-63.62779, 32.18826, 4.75346]
						},
						"1.6": {
							"vector": [-4.98407, 3.64857, -3.22826]
						}
					}
				}
			}
		},
		"guard attack": {
			"animation_length": 0.6,
			"bones": {
				"bone": {
					"rotation": {
						"0.0": {
							"vector": [0, 0, 0]
						},
						"0.12": {
							"vector": [-10, 0, 0]
						},
						"0.28": {
							"vector": [10, 0, 0]
						}
					}
				},
				"arm2": {
					"rotation": {
						"0.0": {
							"vector": [0, 0, 0]
						},
						"0.12": {
							"vector": [20, 0, 0]
						},
						"0.24": {
							"vector": [-45, 0, 0]
						}
					}
				},
				"spear": {
					"rotation": {
						"0.0": {
							"vector": [0, 0, 0]
						},
						"0.12": {
							"vector": [47.5, 0, 0]
						}
					},
					"position": {
						"0.0": {
							"vector": [0, 0, 0]
						},
						"0.12": {
							"vector": [0, 4, -1]
						}
					}
				}
			}
		},
		"goblin_waving_when_quest": {
			"loop": true,
			"animation_length": 0.8,
			"bones": {
				"goblin": {
					"position": {
						"0.0": {
							"vector": [0, 0, 0]
						},
						"0.2": {
							"vector": [0, 2, 0]
						},
						"0.4": {
							"vector": [0, 0, 0]
						}
					}
				},
				"bone": {
					"rotation": {
						"0.0": {
							"vector": [0, 0, 0]
						},
						"0.2": {
							"vector": [0, 0, 7.5]
						},
						"0.8": {
							"vector": [0, 0, 0]
						}
					}
				},
				"arm2": {
					"rotation": {
						"0.0": {
							"vector": [0, 0, 0]
						},
						"0.2": {
							"vector": [0, 0, 147.5]
						},
						"0.4": {
							"vector": [0, 0, 105]
						},
						"0.6": {
							"vector": [0, 0, 140]
						},
						"0.8": {
							"vector": [0, 0, 2.5]
						}
					}
				},
				"leg": {
					"rotation": {
						"0.0": {
							"vector": [0, 0, 0]
						},
						"0.2": {
							"vector": [0, 0, -20]
						},
						"0.48": {
							"vector": [0, 0, 0]
						}
					}
				},
				"leg2": {
					"rotation": {
						"0.0": {
							"vector": [0, 0, 0]
						},
						"0.2": {
							"vector": [0, 0, 20]
						},
						"0.4": {
							"vector": [0, 0, 0]
						}
					}
				},
				"quest_hey": {
					"rotation": {
						"0.0": {
							"vector": [0, 0, 0]
						},
						"0.2": {
							"vector": [0, 0, -12.5]
						},
						"0.4": {
							"vector": [0, 0, 10]
						},
						"0.56": {
							"vector": [0, 0, 0]
						}
					},
					"position": {
						"0.0": {
							"vector": [0, 1, 0]
						},
						"0.2": {
							"vector": [0, 19, 0]
						}
					}
				}
			}
		},
		"traveler cutting vines": {
			"loop": true,
			"animation_length": 0.2,
			"bones": {
				"bone": {
					"rotation": {
						"0.0": {
							"vector": [0, 0, 0]
						},
						"0.04": {
							"vector": [-10, 7.5, 0]
						},
						"0.08": {
							"vector": [-4.94901, -4.81252, 2.16156]
						},
						"0.16": {
							"vector": [-2.45, -4.81, 2.16]
						}
					}
				},
				"arm2": {
					"rotation": {
						"0.0": {
							"vector": [0, 0, 0]
						},
						"0.08": {
							"vector": [-84.6874, 0.47119, 51.20054]
						},
						"0.16": {
							"vector": [-6.9272, -6.80846, 4.1524]
						}
					}
				}
			}
		},
		"jeweler_looking at stone_no": {
			"loop": true,
			"animation_length": 0.28,
			"bones": {
				"bone": {
					"rotation": {
						"0.0": {
							"vector": [0, 0, 0]
						},
						"0.08": {
							"vector": [12.5, 0, 0]
						},
						"0.16": {
							"vector": [0, 0, 0]
						}
					}
				},
				"arm": {
					"rotation": {
						"0.0": {
							"vector": [0, 0, 0]
						},
						"0.08": {
							"vector": [-78.49161, 29.4987, 5.72511]
						},
						"0.16": {
							"vector": [-9.96129, 4.92526, 0.8746]
						}
					}
				},
				"head": {
					"rotation": {
						"0.0": {
							"vector": [0, 0, 0]
						},
						"0.08": {
							"vector": [15, 0, 0]
						},
						"0.16": {
							"vector": [0, 0, 0]
						},
						"0.2": {
							"vector": [0, -20, 0]
						},
						"0.24": {
							"vector": [0, 20, 0]
						},
						"0.28": {
							"vector": [0, 0, 0]
						}
					}
				}
			}
		},
		"jeweler_looking at stone_yes": {
			"loop": true,
			"animation_length": 0.28,
			"bones": {
				"bone": {
					"rotation": {
						"0.0": {
							"vector": [0, 0, 0]
						},
						"0.08": {
							"vector": [12.5, 0, 0]
						},
						"0.16": {
							"vector": [0, 0, 0]
						}
					}
				},
				"arm": {
					"rotation": {
						"0.0": {
							"vector": [0, 0, 0]
						},
						"0.08": {
							"vector": [-78.49161, 29.4987, 5.72511]
						},
						"0.16": {
							"vector": [-9.96129, 4.92526, 0.8746]
						}
					}
				},
				"head": {
					"rotation": {
						"0.0": {
							"vector": [0, 0, 0]
						},
						"0.08": {
							"vector": [15, 0, 0]
						},
						"0.16": {
							"vector": [0, 0, 0]
						},
						"0.2": {
							"vector": [-12.5, 0, 0]
						},
						"0.24": {
							"vector": [12.5, 0, 0]
						},
						"0.28": {
							"vector": [0, 0, 0]
						}
					}
				}
			}
		}
	},
	"geckolib_format_version": 2
}