{
	"credit": "Made with Blockbench",
	"texture_size": [128, 128],
	"textures": {
		"1": "smp mod:item/amethyst_sword",
		"particle": "smp mod:item/amethyst_sword"
	},
	"elements": [
		{
			"from": [8, -1, -11],
			"to": [8, 32, 23],
			"rotation": {"angle": -45, "axis": "x", "origin": [-18, 24, 13]},
			"faces": {
				"north": {"uv": [4.25, 4.25, 4.25, 8.375], "texture": "#1"},
				"east": {"uv": [0, 4.25, 4.25, 8.375], "texture": "#1"},
				"south": {"uv": [8.5, 4.25, 8.5, 8.375], "texture": "#1"},
				"west": {"uv": [4.25, 4.25, 8.5, 8.375], "texture": "#1"},
				"up": {"uv": [4.25, 4.25, 4.25, 0], "texture": "#1"},
				"down": {"uv": [4.25, 0, 4.25, 4.25], "texture": "#1"}
			}
		},
		{
			"from": [8.1, -1, -11],
			"to": [8.1, 32, 23],
			"rotation": {"angle": -45, "axis": "x", "origin": [-18, 24, 13]},
			"faces": {
				"north": {"uv": [4.25, 4.25, 4.25, 8.375], "texture": "#1"},
				"east": {"uv": [0, 4.25, 4.25, 8.375], "texture": "#1"},
				"south": {"uv": [8.5, 4.25, 8.5, 8.375], "texture": "#1"},
				"west": {"uv": [4.25, 4.25, 8.5, 8.375], "texture": "#1"},
				"up": {"uv": [4.25, 4.25, 4.25, 0], "texture": "#1"},
				"down": {"uv": [4.25, 0, 4.25, 4.25], "texture": "#1"}
			}
		},
		{
			"from": [8.2, -1, -11],
			"to": [8.2, 32, 23],
			"rotation": {"angle": -45, "axis": "x", "origin": [-18, 24, 13]},
			"faces": {
				"north": {"uv": [4.25, 4.25, 4.25, 8.375], "texture": "#1"},
				"east": {"uv": [0, 4.25, 4.25, 8.375], "texture": "#1"},
				"south": {"uv": [8.5, 4.25, 8.5, 8.375], "texture": "#1"},
				"west": {"uv": [4.25, 4.25, 8.5, 8.375], "texture": "#1"},
				"up": {"uv": [4.25, 4.25, 4.25, 0], "texture": "#1"},
				"down": {"uv": [4.25, 0, 4.25, 4.25], "texture": "#1"}
			}
		},
		{
			"from": [8.3, -1, -11],
			"to": [8.3, 32, 23],
			"rotation": {"angle": -45, "axis": "x", "origin": [-18, 24, 13]},
			"faces": {
				"north": {"uv": [4.25, 4.25, 4.25, 8.375], "texture": "#1"},
				"east": {"uv": [0, 4.25, 4.25, 8.375], "texture": "#1"},
				"south": {"uv": [8.5, 4.25, 8.5, 8.375], "texture": "#1"},
				"west": {"uv": [4.25, 4.25, 8.5, 8.375], "texture": "#1"},
				"up": {"uv": [4.25, 4.25, 4.25, 0], "texture": "#1"},
				"down": {"uv": [4.25, 0, 4.25, 4.25], "texture": "#1"}
			}
		},
		{
			"from": [8.4, -1, -11],
			"to": [8.4, 32, 23],
			"rotation": {"angle": -45, "axis": "x", "origin": [-18, 24, 13]},
			"faces": {
				"north": {"uv": [4.25, 4.25, 4.25, 8.375], "texture": "#1"},
				"east": {"uv": [0, 4.25, 4.25, 8.375], "texture": "#1"},
				"south": {"uv": [8.5, 4.25, 8.5, 8.375], "texture": "#1"},
				"west": {"uv": [4.25, 4.25, 8.5, 8.375], "texture": "#1"},
				"up": {"uv": [4.25, 4.25, 4.25, 0], "texture": "#1"},
				"down": {"uv": [4.25, 0, 4.25, 4.25], "texture": "#1"}
			}
		},
		{
			"from": [8.5, -1, -11],
			"to": [8.5, 32, 23],
			"rotation": {"angle": -45, "axis": "x", "origin": [-18, 24, 13]},
			"faces": {
				"north": {"uv": [4.25, 4.25, 4.25, 8.375], "texture": "#1"},
				"east": {"uv": [0, 4.25, 4.25, 8.375], "texture": "#1"},
				"south": {"uv": [8.5, 4.25, 8.5, 8.375], "texture": "#1"},
				"west": {"uv": [4.25, 4.25, 8.5, 8.375], "texture": "#1"},
				"up": {"uv": [4.25, 4.25, 4.25, 0], "texture": "#1"},
				"down": {"uv": [4.25, 0, 4.25, 4.25], "texture": "#1"}
			}
		},
		{
			"from": [8.6, -1, -11],
			"to": [8.6, 32, 23],
			"rotation": {"angle": -45, "axis": "x", "origin": [-18, 24, 13]},
			"faces": {
				"north": {"uv": [4.25, 4.25, 4.25, 8.375], "texture": "#1"},
				"east": {"uv": [0, 4.25, 4.25, 8.375], "texture": "#1"},
				"south": {"uv": [8.5, 4.25, 8.5, 8.375], "texture": "#1"},
				"west": {"uv": [4.25, 4.25, 8.5, 8.375], "texture": "#1"},
				"up": {"uv": [4.25, 4.25, 4.25, 0], "texture": "#1"},
				"down": {"uv": [4.25, 0, 4.25, 4.25], "texture": "#1"}
			}
		},
		{
			"from": [8.7, -1, -11],
			"to": [8.7, 32, 23],
			"rotation": {"angle": -45, "axis": "x", "origin": [-18, 24, 13]},
			"faces": {
				"north": {"uv": [4.25, 4.25, 4.25, 8.375], "texture": "#1"},
				"east": {"uv": [0, 4.25, 4.25, 8.375], "texture": "#1"},
				"south": {"uv": [8.5, 4.25, 8.5, 8.375], "texture": "#1"},
				"west": {"uv": [4.25, 4.25, 8.5, 8.375], "texture": "#1"},
				"up": {"uv": [4.25, 4.25, 4.25, 0], "texture": "#1"},
				"down": {"uv": [4.25, 0, 4.25, 4.25], "texture": "#1"}
			}
		},
		{
			"from": [8.8, -1, -11],
			"to": [8.8, 32, 23],
			"rotation": {"angle": -45, "axis": "x", "origin": [-18, 24, 13]},
			"faces": {
				"north": {"uv": [4.25, 4.25, 4.25, 8.375], "texture": "#1"},
				"east": {"uv": [0, 4.25, 4.25, 8.375], "texture": "#1"},
				"south": {"uv": [8.5, 4.25, 8.5, 8.375], "texture": "#1"},
				"west": {"uv": [4.25, 4.25, 8.5, 8.375], "texture": "#1"},
				"up": {"uv": [4.25, 4.25, 4.25, 0], "texture": "#1"},
				"down": {"uv": [4.25, 0, 4.25, 4.25], "texture": "#1"}
			}
		},
		{
			"from": [8.9, -1, -11],
			"to": [8.9, 32, 23],
			"rotation": {"angle": -45, "axis": "x", "origin": [-18, 24, 13]},
			"faces": {
				"north": {"uv": [4.25, 4.25, 4.25, 8.375], "texture": "#1"},
				"east": {"uv": [0, 4.25, 4.25, 8.375], "texture": "#1"},
				"south": {"uv": [8.5, 4.25, 8.5, 8.375], "texture": "#1"},
				"west": {"uv": [4.25, 4.25, 8.5, 8.375], "texture": "#1"},
				"up": {"uv": [4.25, 4.25, 4.25, 0], "texture": "#1"},
				"down": {"uv": [4.25, 0, 4.25, 4.25], "texture": "#1"}
			}
		},
		{
			"from": [9, -1, -11],
			"to": [9, 32, 23],
			"rotation": {"angle": -45, "axis": "x", "origin": [-18, 24, 13]},
			"faces": {
				"north": {"uv": [4.25, 4.25, 4.25, 8.375], "texture": "#1"},
				"east": {"uv": [0, 4.25, 4.25, 8.375], "texture": "#1"},
				"south": {"uv": [8.5, 4.25, 8.5, 8.375], "texture": "#1"},
				"west": {"uv": [4.25, 4.25, 8.5, 8.375], "texture": "#1"},
				"up": {"uv": [4.25, 4.25, 4.25, 0], "texture": "#1"},
				"down": {"uv": [4.25, 0, 4.25, 4.25], "texture": "#1"}
			}
		},
		{
			"from": [6.6, -15.75786, 11.78629],
			"to": [10.4, -4.95786, 15.58629],
			"rotation": {"angle": 0, "axis": "x", "origin": [7, 22.14214, 6.68629]},
			"faces": {
				"north": {"uv": [5, 0.5, 5.5, 1.875], "texture": "#1"},
				"east": {"uv": [4.5, 0.5, 5, 1.875], "texture": "#1"},
				"south": {"uv": [6, 0.5, 6.5, 1.875], "texture": "#1"},
				"west": {"uv": [5.5, 0.5, 6, 1.875], "texture": "#1"},
				"up": {"uv": [5.5, 0.5, 5, 0], "texture": "#1"},
				"down": {"uv": [6, 0, 5.5, 0.5], "texture": "#1"}
			}
		},
		{
			"from": [6.5, -1, 2],
			"to": [10.5, 9, 12],
			"rotation": {"angle": -45, "axis": "x", "origin": [-18, 8, 20]},
			"faces": {
				"north": {"uv": [1.25, 1.25, 1.75, 2.5], "texture": "#1"},
				"east": {"uv": [0, 1.25, 1.25, 2.5], "texture": "#1"},
				"south": {"uv": [3, 1.25, 3.5, 2.5], "texture": "#1"},
				"west": {"uv": [1.75, 1.25, 3, 2.5], "texture": "#1"},
				"up": {"uv": [1.75, 1.25, 1.25, 0], "texture": "#1"},
				"down": {"uv": [2.25, 0, 1.75, 1.25], "texture": "#1"}
			}
		},
		{
			"from": [6.5, -15.46281, 4.32632],
			"to": [10.5, -12.46281, 14.32632],
			"rotation": {"angle": -45, "axis": "x", "origin": [7, 6.70311, 4.32632]},
			"faces": {
				"north": {"uv": [3.5, 2.5, 4, 2.875], "texture": "#1"},
				"east": {"uv": [2.25, 2.5, 3.5, 2.875], "texture": "#1"},
				"south": {"uv": [5.25, 2.5, 5.75, 2.875], "texture": "#1"},
				"west": {"uv": [4, 2.5, 5.25, 2.875], "texture": "#1"},
				"up": {"uv": [4, 2.5, 3.5, 1.25], "texture": "#1"},
				"down": {"uv": [4.5, 1.25, 4, 2.5], "texture": "#1"}
			}
		},
		{
			"from": [6.5, -4.85621, 17.33915],
			"to": [10.5, -1.85621, 27.33915],
			"rotation": {"angle": 45, "axis": "x", "origin": [7, 17.30971, 12.33915]},
			"faces": {
				"north": {"uv": [3.5, 2.5, 4, 2.875], "texture": "#1"},
				"east": {"uv": [2.25, 2.5, 3.5, 2.875], "texture": "#1"},
				"south": {"uv": [5.25, 2.5, 5.75, 2.875], "texture": "#1"},
				"west": {"uv": [4, 2.5, 5.25, 2.875], "texture": "#1"},
				"up": {"uv": [4, 2.5, 3.5, 1.25], "texture": "#1"},
				"down": {"uv": [4.5, 1.25, 4, 2.5], "texture": "#1"}
			}
		}
	],
	"display": {
		"thirdperson_righthand": {
			"translation": [-0.5, 12, -3.75],
			"scale": [0.39453, 0.71289, 0.70313]
		},
		"thirdperson_lefthand": {
			"translation": [0.25, 12, -3.75],
			"scale": [0.39453, 0.71289, 0.70313]
		},
		"firstperson_righthand": {
			"rotation": [-46.5, 19.5, 0],
			"translation": [6.75, 3.5, -12.25],
			"scale": [0.38867, 0.9082, 0.69922]
		},
		"firstperson_lefthand": {
			"rotation": [-46.5, 19.5, 0],
			"translation": [6.75, 3.5, -12.25],
			"scale": [0.38867, 0.9082, 0.69922]
		},
		"ground": {
			"rotation": [172.14, -59.06, -96.61],
			"translation": [0, -3.5, 2.5],
			"scale": [0.45117, 0.70117, 0.5]
		},
		"gui": {
			"rotation": [-97.35, -35.26, -94.27],
			"translation": [0.75, -2.25, 0],
			"scale": [1, 0.47266, 0.48242]
		},
		"head": {
			"translation": [0, 29.25, -6]
		},
		"fixed": {
			"rotation": [-98.75, 33.97, 94.95],
			"translation": [-2.75, -2.5, 1.25]
		}
	},
	"groups": [
		{
			"name": "sword",
			"origin": [14, 24, 12],
			"color": 0,
			"nbt": "{}",
			"children": [
				{
					"name": "blade",
					"origin": [14, 24, 12],
					"color": 0,
					"nbt": "{}",
					"children": [0, 1, 2, 3, 4, 5, 6, 7, 8, 9, 10]
				},
				11,
				12,
				13,
				14,
				{
					"name": "bone",
					"origin": [14, 24, 12],
					"color": 0,
					"nbt": "{}",
					"children": []
				}
			]
		}
	]
}