{
	"credit": "Made with Blockbench",
	"ambientocclusion": false,
	"texture_size": [128, 128],
	"textures": {
		"3": "smp mod:block/cage_door",
		"particle": "smp mod:block/cage"
	},
	"elements": [
		{
			"from": [0, 0, 8],
			"to": [16, 32, 8],
			"faces": {
				"north": {"uv": [0, 0, 2, 4], "texture": "#3"},
				"east": {"uv": [0, 0, 0, 4], "texture": "#3"},
				"south": {"uv": [2, 0, 4, 4], "texture": "#3"},
				"west": {"uv": [0, 0, 0, 4], "texture": "#3"},
				"up": {"uv": [2, 0, 0, 0], "texture": "#3"},
				"down": {"uv": [2, 0, 0, 0], "texture": "#3"}
			}
		},
		{
			"from": [-4, 7, 7.8],
			"to": [12, 23, 7.8],
			"faces": {
				"north": {"uv": [8.75, 11.125, 10.75, 13.125], "texture": "#3"},
				"east": {"uv": [0, 0, 0, 2], "texture": "#3"},
				"south": {"uv": [8.75, 11.125, 10.75, 13.125], "texture": "#3"},
				"west": {"uv": [0, 0, 0, 2], "texture": "#3"},
				"up": {"uv": [2, 0, 0, 0], "texture": "#3"},
				"down": {"uv": [2, 0, 0, 0], "texture": "#3"}
			}
		},
		{
			"from": [0, 0, 8.1],
			"to": [16, 32, 8.1],
			"faces": {
				"north": {"uv": [0, 4, 2, 8], "texture": "#3"},
				"east": {"uv": [0, 0, 0, 4], "texture": "#3"},
				"south": {"uv": [4, 0, 6, 4], "texture": "#3"},
				"west": {"uv": [0, 0, 0, 4], "texture": "#3"},
				"up": {"uv": [2, 0, 0, 0], "texture": "#3"},
				"down": {"uv": [2, 0, 0, 0], "texture": "#3"}
			}
		},
		{
			"from": [0, 0, 8.2],
			"to": [16, 32, 8.2],
			"faces": {
				"north": {"uv": [2, 4, 4, 8], "texture": "#3"},
				"east": {"uv": [0, 0, 0, 4], "texture": "#3"},
				"south": {"uv": [4, 4, 6, 8], "texture": "#3"},
				"west": {"uv": [0, 0, 0, 4], "texture": "#3"},
				"up": {"uv": [2, 0, 0, 0], "texture": "#3"},
				"down": {"uv": [2, 0, 0, 0], "texture": "#3"}
			}
		},
		{
			"from": [0, 0, 8.3],
			"to": [16, 32, 8.3],
			"faces": {
				"north": {"uv": [6, 0, 8, 4], "texture": "#3"},
				"east": {"uv": [0, 0, 0, 4], "texture": "#3"},
				"south": {"uv": [6, 4, 8, 8], "texture": "#3"},
				"west": {"uv": [0, 0, 0, 4], "texture": "#3"},
				"up": {"uv": [2, 0, 0, 0], "texture": "#3"},
				"down": {"uv": [2, 0, 0, 0], "texture": "#3"}
			}
		}
	],
	"display": {
		"thirdperson_righthand": {
			"translation": [0, -2, 0],
			"scale": [0.42383, 0.28906, 0.54688]
		},
		"thirdperson_lefthand": {
			"scale": [0.42383, 0.28906, 0.54688]
		},
		"firstperson_righthand": {
			"translation": [4.75, -1.25, 0],
			"scale": [0.58984, 0.49219, 1]
		},
		"firstperson_lefthand": {
			"translation": [2, 0, 0],
			"scale": [0.59766, 0.40625, 1]
		},
		"ground": {
			"scale": [0.61914, 0.39844, 1]
		},
		"gui": {
			"rotation": [-180, 19.25, -180],
			"translation": [0, -3.75, 0],
			"scale": [0.96094, 0.51563, 1]
		},
		"fixed": {
			"translation": [0, -3, 0],
			"scale": [0.56445, 0.46484, 1]
		}
	}
}