{
	"credit": "Made with Blockbench",
	"texture_size": [256, 256],
	"textures": {
		"1": "block/cage"
	},
	"elements": [
		{
			"from": [-5, 15, -7],
			"to": [-2, 31, -7],
			"rotation": {"angle": 0, "axis": "y", "origin": [-2, 0, -27]},
			"faces": {
				"north": {"uv": [0.3125, 0.125, 0.5, 1.125], "texture": "#1"},
				"east": {"uv": [0.3125, 0.125, 0.3125, 1.125], "texture": "#1"},
				"south": {"uv": [0.5, 0.125, 0.6875, 1.125], "texture": "#1"},
				"west": {"uv": [0.5, 0.125, 0.5, 1.125], "texture": "#1"},
				"up": {"uv": [0.5, 0.125, 0.3125, 0.125], "texture": "#1"},
				"down": {"uv": [0.6875, 0.125, 0.5, 0.125], "texture": "#1"}
			}
		},
		{
			"from": [-5, 3, -7],
			"to": [-2, 15, -7],
			"rotation": {"angle": 0, "axis": "y", "origin": [-2, 0, -27]},
			"faces": {
				"north": {"uv": [0.3125, 0.125, 0.5, 0.875], "texture": "#1"},
				"east": {"uv": [0.3125, 0.125, 0.3125, 0.875], "texture": "#1"},
				"south": {"uv": [0.5, 0.125, 0.6875, 0.875], "texture": "#1"},
				"west": {"uv": [0.5, 0.125, 0.5, 0.875], "texture": "#1"},
				"up": {"uv": [0.5, 0.125, 0.3125, 0.125], "texture": "#1"},
				"down": {"uv": [0.6875, 0.125, 0.5, 0.125], "texture": "#1"}
			}
		},
		{
			"from": [1, 3, -7],
			"to": [4, 15, -7],
			"rotation": {"angle": 0, "axis": "y", "origin": [-2, 0, -27]},
			"faces": {
				"north": {"uv": [0.3125, 0.125, 0.5, 0.875], "texture": "#1"},
				"east": {"uv": [0.3125, 0.125, 0.3125, 0.875], "texture": "#1"},
				"south": {"uv": [0.5, 0.125, 0.6875, 0.875], "texture": "#1"},
				"west": {"uv": [0.5, 0.125, 0.5, 0.875], "texture": "#1"},
				"up": {"uv": [0.5, 0.125, 0.3125, 0.125], "texture": "#1"},
				"down": {"uv": [0.6875, 0.125, 0.5, 0.125], "texture": "#1"}
			}
		},
		{
			"from": [1, 15, -7],
			"to": [4, 31, -7],
			"rotation": {"angle": 0, "axis": "y", "origin": [-2, 0, -27]},
			"faces": {
				"north": {"uv": [0.3125, 0.125, 0.5, 1.125], "texture": "#1"},
				"east": {"uv": [0.3125, 0.125, 0.3125, 1.125], "texture": "#1"},
				"south": {"uv": [0.5, 0.125, 0.6875, 1.125], "texture": "#1"},
				"west": {"uv": [0.5, 0.125, 0.5, 1.125], "texture": "#1"},
				"up": {"uv": [0.5, 0.125, 0.3125, 0.125], "texture": "#1"},
				"down": {"uv": [0.6875, 0.125, 0.5, 0.125], "texture": "#1"}
			}
		},
		{
			"from": [7, 15, -7],
			"to": [10, 31, -7],
			"rotation": {"angle": 0, "axis": "y", "origin": [-2, 0, -27]},
			"faces": {
				"north": {"uv": [0.3125, 0.125, 0.5, 1.125], "texture": "#1"},
				"east": {"uv": [0.3125, 0.125, 0.3125, 1.125], "texture": "#1"},
				"south": {"uv": [0.5, 0.125, 0.6875, 1.125], "texture": "#1"},
				"west": {"uv": [0.5, 0.125, 0.5, 1.125], "texture": "#1"},
				"up": {"uv": [0.5, 0.125, 0.3125, 0.125], "texture": "#1"},
				"down": {"uv": [0.6875, 0.125, 0.5, 0.125], "texture": "#1"}
			}
		},
		{
			"from": [7, 3, -7],
			"to": [10, 15, -7],
			"rotation": {"angle": 0, "axis": "y", "origin": [-2, 0, -27]},
			"faces": {
				"north": {"uv": [0.3125, 0.125, 0.5, 0.875], "texture": "#1"},
				"east": {"uv": [0.3125, 0.125, 0.3125, 0.875], "texture": "#1"},
				"south": {"uv": [0.5, 0.125, 0.6875, 0.875], "texture": "#1"},
				"west": {"uv": [0.5, 0.125, 0.5, 0.875], "texture": "#1"},
				"up": {"uv": [0.5, 0.125, 0.3125, 0.125], "texture": "#1"},
				"down": {"uv": [0.6875, 0.125, 0.5, 0.125], "texture": "#1"}
			}
		},
		{
			"from": [13, 15, -7],
			"to": [16, 31, -7],
			"rotation": {"angle": 0, "axis": "y", "origin": [-2, 0, -27]},
			"faces": {
				"north": {"uv": [0.3125, 0.125, 0.5, 1.125], "texture": "#1"},
				"east": {"uv": [0.3125, 0.125, 0.3125, 1.125], "texture": "#1"},
				"south": {"uv": [0.5, 0.125, 0.6875, 1.125], "texture": "#1"},
				"west": {"uv": [0.5, 0.125, 0.5, 1.125], "texture": "#1"},
				"up": {"uv": [0.5, 0.125, 0.3125, 0.125], "texture": "#1"},
				"down": {"uv": [0.6875, 0.125, 0.5, 0.125], "texture": "#1"}
			}
		},
		{
			"from": [1, 10, -7.1],
			"to": [11, 20, -7.1],
			"rotation": {"angle": 0, "axis": "y", "origin": [-2, 0, -27]},
			"faces": {
				"north": {"uv": [4.75, 5.375, 5.375, 6], "texture": "#1"},
				"east": {"uv": [4.75, 5.375, 4.75, 6], "texture": "#1"},
				"south": {"uv": [5.375, 5.375, 6, 6], "texture": "#1"},
				"west": {"uv": [5.375, 5.375, 5.375, 6], "texture": "#1"},
				"up": {"uv": [5.375, 5.375, 4.75, 5.375], "texture": "#1"},
				"down": {"uv": [6, 5.375, 5.375, 5.375], "texture": "#1"}
			}
		},
		{
			"from": [13, 3, -7],
			"to": [16, 15, -7],
			"rotation": {"angle": 0, "axis": "y", "origin": [-2, 0, -27]},
			"faces": {
				"north": {"uv": [0.3125, 0.125, 0.5, 0.875], "texture": "#1"},
				"east": {"uv": [0.3125, 0.125, 0.3125, 0.875], "texture": "#1"},
				"south": {"uv": [0.5, 0.125, 0.6875, 0.875], "texture": "#1"},
				"west": {"uv": [0.5, 0.125, 0.5, 0.875], "texture": "#1"},
				"up": {"uv": [0.5, 0.125, 0.3125, 0.125], "texture": "#1"},
				"down": {"uv": [0.6875, 0.125, 0.5, 0.125], "texture": "#1"}
			}
		},
		{
			"from": [18, 3, -8],
			"to": [22, 31, -4],
			"faces": {
				"north": {"uv": [5.75, 9.4375, 6, 11.1875], "texture": "#1"},
				"east": {"uv": [5.5, 9.4375, 5.75, 11.1875], "texture": "#1"},
				"south": {"uv": [6.25, 9.4375, 6.5, 11.1875], "texture": "#1"},
				"west": {"uv": [6, 9.4375, 6.25, 11.1875], "texture": "#1"},
				"up": {"uv": [6, 9.4375, 5.75, 9.1875], "texture": "#1"},
				"down": {"uv": [6.25, 9.1875, 6, 9.4375], "texture": "#1"}
			}
		},
		{
			"from": [18, 3, 19],
			"to": [22, 31, 23],
			"faces": {
				"north": {"uv": [5.75, 9.4375, 6, 11.1875], "texture": "#1"},
				"east": {"uv": [5.5, 9.4375, 5.75, 11.1875], "texture": "#1"},
				"south": {"uv": [6.25, 9.4375, 6.5, 11.1875], "texture": "#1"},
				"west": {"uv": [6, 9.4375, 6.25, 11.1875], "texture": "#1"},
				"up": {"uv": [6, 9.4375, 5.75, 9.1875], "texture": "#1"},
				"down": {"uv": [6.25, 9.1875, 6, 9.4375], "texture": "#1"}
			}
		},
		{
			"from": [-9, 2, -8],
			"to": [22, 3, 23],
			"faces": {
				"north": {"uv": [10.1875, 12.5625, 12.125, 12.625], "texture": "#1"},
				"east": {"uv": [8.25, 12.5625, 10.1875, 12.625], "texture": "#1"},
				"south": {"uv": [14.0625, 12.5625, 16, 12.625], "texture": "#1"},
				"west": {"uv": [12.125, 12.5625, 14.0625, 12.625], "texture": "#1"},
				"up": {"uv": [12.125, 12.5625, 10.1875, 10.625], "texture": "#1"},
				"down": {"uv": [14.0625, 10.625, 12.125, 12.5625], "texture": "#1"}
			}
		},
		{
			"from": [-9, 3, 19],
			"to": [-5, 30, 23],
			"faces": {
				"north": {"uv": [5.75, 9.4375, 6, 11.125], "texture": "#1"},
				"east": {"uv": [5.5, 9.4375, 5.75, 11.125], "texture": "#1"},
				"south": {"uv": [6.25, 9.4375, 6.5, 11.125], "texture": "#1"},
				"west": {"uv": [6, 9.4375, 6.25, 11.125], "texture": "#1"},
				"up": {"uv": [6, 9.4375, 5.75, 9.1875], "texture": "#1"},
				"down": {"uv": [6.25, 9.1875, 6, 9.4375], "texture": "#1"}
			}
		},
		{
			"from": [-10, 3, -8],
			"to": [-6, 30, -4],
			"faces": {
				"north": {"uv": [5.75, 9.4375, 6, 11.125], "texture": "#1"},
				"east": {"uv": [5.5, 9.4375, 5.75, 11.125], "texture": "#1"},
				"south": {"uv": [6.25, 9.4375, 6.5, 11.125], "texture": "#1"},
				"west": {"uv": [6, 9.4375, 6.25, 11.125], "texture": "#1"},
				"up": {"uv": [6, 9.4375, 5.75, 9.1875], "texture": "#1"},
				"down": {"uv": [6.25, 9.1875, 6, 9.4375], "texture": "#1"}
			}
		},
		{
			"from": [-6, 31, -5],
			"to": [17, 32, 18],
			"faces": {
				"north": {"uv": [10.6875, 13.4375, 12.125, 13.5], "texture": "#1"},
				"east": {"uv": [9.25, 13.4375, 10.6875, 13.5], "texture": "#1"},
				"south": {"uv": [13.5625, 13.4375, 15, 13.5], "texture": "#1"},
				"west": {"uv": [12.125, 13.4375, 13.5625, 13.5], "texture": "#1"},
				"up": {"uv": [12.125, 13.4375, 10.6875, 12], "texture": "#1"},
				"down": {"uv": [13.5625, 12, 12.125, 13.4375], "texture": "#1"}
			}
		},
		{
			"from": [-11, 30, -9],
			"to": [23, 32, 24],
			"faces": {
				"north": {"uv": [9.8125, 12.375, 11.9375, 12.5], "texture": "#1"},
				"east": {"uv": [7.75, 12.375, 9.8125, 12.5], "texture": "#1"},
				"south": {"uv": [14, 12.375, 16.125, 12.5], "texture": "#1"},
				"west": {"uv": [11.9375, 12.375, 14, 12.5], "texture": "#1"},
				"up": {"uv": [11.9375, 12.375, 9.8125, 10.3125], "texture": "#1"},
				"down": {"uv": [14.0625, 10.3125, 11.9375, 12.375], "texture": "#1"}
			}
		},
		{
			"from": [-10, 0, -9],
			"to": [23, 2, 24],
			"faces": {
				"north": {"uv": [9.8125, 13, 11.875, 13.125], "texture": "#1"},
				"east": {"uv": [7.75, 13, 9.8125, 13.125], "texture": "#1"},
				"south": {"uv": [13.9375, 13, 16, 13.125], "texture": "#1"},
				"west": {"uv": [11.875, 13, 13.9375, 13.125], "texture": "#1"},
				"up": {"uv": [11.875, 13, 9.8125, 10.9375], "texture": "#1"},
				"down": {"uv": [13.9375, 10.9375, 11.875, 13], "texture": "#1"}
			}
		},
		{
			"from": [-4, 15, 22],
			"to": [-1, 31, 22],
			"rotation": {"angle": 0, "axis": "y", "origin": [-2, 0, 2]},
			"faces": {
				"north": {"uv": [0.3125, 0.125, 0.5, 1.125], "texture": "#1"},
				"east": {"uv": [0.3125, 0.125, 0.3125, 1.125], "texture": "#1"},
				"south": {"uv": [0.5, 0.125, 0.6875, 1.125], "texture": "#1"},
				"west": {"uv": [0.5, 0.125, 0.5, 1.125], "texture": "#1"},
				"up": {"uv": [0.5, 0.125, 0.3125, 0.125], "texture": "#1"},
				"down": {"uv": [0.6875, 0.125, 0.5, 0.125], "texture": "#1"}
			}
		},
		{
			"from": [-4, 3, 22],
			"to": [-1, 15, 22],
			"rotation": {"angle": 0, "axis": "y", "origin": [-2, 0, 2]},
			"faces": {
				"north": {"uv": [0.3125, 0.125, 0.5, 0.875], "texture": "#1"},
				"east": {"uv": [0.3125, 0.125, 0.3125, 0.875], "texture": "#1"},
				"south": {"uv": [0.5, 0.125, 0.6875, 0.875], "texture": "#1"},
				"west": {"uv": [0.5, 0.125, 0.5, 0.875], "texture": "#1"},
				"up": {"uv": [0.5, 0.125, 0.3125, 0.125], "texture": "#1"},
				"down": {"uv": [0.6875, 0.125, 0.5, 0.125], "texture": "#1"}
			}
		},
		{
			"from": [2, 3, 22],
			"to": [5, 15, 22],
			"rotation": {"angle": 0, "axis": "y", "origin": [-2, 0, 2]},
			"faces": {
				"north": {"uv": [0.3125, 0.125, 0.5, 0.875], "texture": "#1"},
				"east": {"uv": [0.3125, 0.125, 0.3125, 0.875], "texture": "#1"},
				"south": {"uv": [0.5, 0.125, 0.6875, 0.875], "texture": "#1"},
				"west": {"uv": [0.5, 0.125, 0.5, 0.875], "texture": "#1"},
				"up": {"uv": [0.5, 0.125, 0.3125, 0.125], "texture": "#1"},
				"down": {"uv": [0.6875, 0.125, 0.5, 0.125], "texture": "#1"}
			}
		},
		{
			"from": [2, 15, 22],
			"to": [5, 31, 22],
			"rotation": {"angle": 0, "axis": "y", "origin": [-2, 0, 2]},
			"faces": {
				"north": {"uv": [0.3125, 0.125, 0.5, 1.125], "texture": "#1"},
				"east": {"uv": [0.3125, 0.125, 0.3125, 1.125], "texture": "#1"},
				"south": {"uv": [0.5, 0.125, 0.6875, 1.125], "texture": "#1"},
				"west": {"uv": [0.5, 0.125, 0.5, 1.125], "texture": "#1"},
				"up": {"uv": [0.5, 0.125, 0.3125, 0.125], "texture": "#1"},
				"down": {"uv": [0.6875, 0.125, 0.5, 0.125], "texture": "#1"}
			}
		},
		{
			"from": [8, 15, 22],
			"to": [11, 31, 22],
			"rotation": {"angle": 0, "axis": "y", "origin": [-2, 0, 2]},
			"faces": {
				"north": {"uv": [0.3125, 0.125, 0.5, 1.125], "texture": "#1"},
				"east": {"uv": [0.3125, 0.125, 0.3125, 1.125], "texture": "#1"},
				"south": {"uv": [0.5, 0.125, 0.6875, 1.125], "texture": "#1"},
				"west": {"uv": [0.5, 0.125, 0.5, 1.125], "texture": "#1"},
				"up": {"uv": [0.5, 0.125, 0.3125, 0.125], "texture": "#1"},
				"down": {"uv": [0.6875, 0.125, 0.5, 0.125], "texture": "#1"}
			}
		},
		{
			"from": [8, 3, 22],
			"to": [11, 15, 22],
			"rotation": {"angle": 0, "axis": "y", "origin": [-2, 0, 2]},
			"faces": {
				"north": {"uv": [0.3125, 0.125, 0.5, 0.875], "texture": "#1"},
				"east": {"uv": [0.3125, 0.125, 0.3125, 0.875], "texture": "#1"},
				"south": {"uv": [0.5, 0.125, 0.6875, 0.875], "texture": "#1"},
				"west": {"uv": [0.5, 0.125, 0.5, 0.875], "texture": "#1"},
				"up": {"uv": [0.5, 0.125, 0.3125, 0.125], "texture": "#1"},
				"down": {"uv": [0.6875, 0.125, 0.5, 0.125], "texture": "#1"}
			}
		},
		{
			"from": [14, 15, 22],
			"to": [17, 31, 22],
			"rotation": {"angle": 0, "axis": "y", "origin": [-2, 0, 2]},
			"faces": {
				"north": {"uv": [0.3125, 0.125, 0.5, 1.125], "texture": "#1"},
				"east": {"uv": [0.3125, 0.125, 0.3125, 1.125], "texture": "#1"},
				"south": {"uv": [0.5, 0.125, 0.6875, 1.125], "texture": "#1"},
				"west": {"uv": [0.5, 0.125, 0.5, 1.125], "texture": "#1"},
				"up": {"uv": [0.5, 0.125, 0.3125, 0.125], "texture": "#1"},
				"down": {"uv": [0.6875, 0.125, 0.5, 0.125], "texture": "#1"}
			}
		},
		{
			"from": [14, 3, 22],
			"to": [17, 15, 22],
			"rotation": {"angle": 0, "axis": "y", "origin": [-2, 0, 2]},
			"faces": {
				"north": {"uv": [0.3125, 0.125, 0.5, 0.875], "texture": "#1"},
				"east": {"uv": [0.3125, 0.125, 0.3125, 0.875], "texture": "#1"},
				"south": {"uv": [0.5, 0.125, 0.6875, 0.875], "texture": "#1"},
				"west": {"uv": [0.5, 0.125, 0.5, 0.875], "texture": "#1"},
				"up": {"uv": [0.5, 0.125, 0.3125, 0.125], "texture": "#1"},
				"down": {"uv": [0.6875, 0.125, 0.5, 0.125], "texture": "#1"}
			}
		},
		{
			"from": [21, 3, 15],
			"to": [21, 15, 18],
			"rotation": {"angle": 0, "axis": "y", "origin": [20, 3, 6]},
			"faces": {
				"north": {"uv": [0.5, 0.3125, 0.5, 1.0625], "texture": "#1"},
				"east": {"uv": [0.3125, 0.3125, 0.5, 1.0625], "texture": "#1"},
				"south": {"uv": [0.6875, 0.3125, 0.6875, 1.0625], "texture": "#1"},
				"west": {"uv": [0.5, 0.3125, 0.6875, 1.0625], "texture": "#1"},
				"up": {"uv": [0.5, 0.3125, 0.5, 0.125], "texture": "#1"},
				"down": {"uv": [0.5, 0.125, 0.5, 0.3125], "texture": "#1"}
			}
		},
		{
			"from": [21, 15, 15],
			"to": [21, 31, 18],
			"rotation": {"angle": 0, "axis": "y", "origin": [20, 3, 6]},
			"faces": {
				"north": {"uv": [0.5, 0.125, 0.5, 1.125], "texture": "#1"},
				"east": {"uv": [0.3125, 0.125, 0.5, 1.125], "texture": "#1"},
				"south": {"uv": [0.6875, 0.125, 0.6875, 1.125], "texture": "#1"},
				"west": {"uv": [0.5, 0.125, 0.6875, 1.125], "texture": "#1"},
				"up": {"uv": [0.5, 0.125, 0.5, -0.0625], "texture": "#1"},
				"down": {"uv": [0.5, -0.0625, 0.5, 0.125], "texture": "#1"}
			}
		},
		{
			"from": [21, 15, 9],
			"to": [21, 31, 12],
			"rotation": {"angle": 0, "axis": "y", "origin": [20, 3, 6]},
			"faces": {
				"north": {"uv": [0.5, 0.125, 0.5, 1.125], "texture": "#1"},
				"east": {"uv": [0.3125, 0.125, 0.5, 1.125], "texture": "#1"},
				"south": {"uv": [0.6875, 0.125, 0.6875, 1.125], "texture": "#1"},
				"west": {"uv": [0.5, 0.125, 0.6875, 1.125], "texture": "#1"},
				"up": {"uv": [0.5, 0.125, 0.5, -0.0625], "texture": "#1"},
				"down": {"uv": [0.5, -0.0625, 0.5, 0.125], "texture": "#1"}
			}
		},
		{
			"from": [21, 3, 9],
			"to": [21, 15, 12],
			"rotation": {"angle": 0, "axis": "y", "origin": [20, 3, 6]},
			"faces": {
				"north": {"uv": [0.5, 0.3125, 0.5, 1.0625], "texture": "#1"},
				"east": {"uv": [0.3125, 0.3125, 0.5, 1.0625], "texture": "#1"},
				"south": {"uv": [0.6875, 0.3125, 0.6875, 1.0625], "texture": "#1"},
				"west": {"uv": [0.5, 0.3125, 0.6875, 1.0625], "texture": "#1"},
				"up": {"uv": [0.5, 0.3125, 0.5, 0.125], "texture": "#1"},
				"down": {"uv": [0.5, 0.125, 0.5, 0.3125], "texture": "#1"}
			}
		},
		{
			"from": [21, 15, 3],
			"to": [21, 31, 6],
			"rotation": {"angle": 0, "axis": "y", "origin": [20, 3, 6]},
			"faces": {
				"north": {"uv": [0.5, 0.1875, 0.5, 1.1875], "texture": "#1"},
				"east": {"uv": [0.3125, 0.1875, 0.5, 1.1875], "texture": "#1"},
				"south": {"uv": [0.6875, 0.1875, 0.6875, 1.1875], "texture": "#1"},
				"west": {"uv": [0.5, 0.1875, 0.6875, 1.1875], "texture": "#1"},
				"up": {"uv": [0.5, 0.1875, 0.5, 0], "texture": "#1"},
				"down": {"uv": [0.5, 0, 0.5, 0.1875], "texture": "#1"}
			}
		},
		{
			"from": [21, 3, 3],
			"to": [21, 15, 6],
			"rotation": {"angle": 0, "axis": "y", "origin": [20, 3, 6]},
			"faces": {
				"north": {"uv": [0.5, 0.3125, 0.5, 1.0625], "texture": "#1"},
				"east": {"uv": [0.3125, 0.3125, 0.5, 1.0625], "texture": "#1"},
				"south": {"uv": [0.6875, 0.3125, 0.6875, 1.0625], "texture": "#1"},
				"west": {"uv": [0.5, 0.3125, 0.6875, 1.0625], "texture": "#1"},
				"up": {"uv": [0.5, 0.3125, 0.5, 0.125], "texture": "#1"},
				"down": {"uv": [0.5, 0.125, 0.5, 0.3125], "texture": "#1"}
			}
		},
		{
			"from": [21, 15, -3],
			"to": [21, 31, 0],
			"rotation": {"angle": 0, "axis": "y", "origin": [20, 3, 6]},
			"faces": {
				"north": {"uv": [0.5, 0.125, 0.5, 1.125], "texture": "#1"},
				"east": {"uv": [0.3125, 0.125, 0.5, 1.125], "texture": "#1"},
				"south": {"uv": [0.6875, 0.125, 0.6875, 1.125], "texture": "#1"},
				"west": {"uv": [0.5, 0.125, 0.6875, 1.125], "texture": "#1"},
				"up": {"uv": [0.5, 0.125, 0.5, -0.0625], "texture": "#1"},
				"down": {"uv": [0.5, -0.0625, 0.5, 0.125], "texture": "#1"}
			}
		},
		{
			"from": [21, 3, -3],
			"to": [21, 15, 0],
			"rotation": {"angle": 0, "axis": "y", "origin": [20, 3, 6]},
			"faces": {
				"north": {"uv": [0.5, 0.3125, 0.5, 1.0625], "texture": "#1"},
				"east": {"uv": [0.3125, 0.3125, 0.5, 1.0625], "texture": "#1"},
				"south": {"uv": [0.6875, 0.3125, 0.6875, 1.0625], "texture": "#1"},
				"west": {"uv": [0.5, 0.3125, 0.6875, 1.0625], "texture": "#1"},
				"up": {"uv": [0.5, 0.3125, 0.5, 0.125], "texture": "#1"},
				"down": {"uv": [0.5, 0.125, 0.5, 0.3125], "texture": "#1"}
			}
		},
		{
			"from": [-8, 3, 15],
			"to": [-8, 15, 18],
			"rotation": {"angle": 0, "axis": "y", "origin": [20, 3, 6]},
			"faces": {
				"north": {"uv": [0.5, 0.3125, 0.5, 1.0625], "texture": "#1"},
				"east": {"uv": [0.3125, 0.3125, 0.5, 1.0625], "texture": "#1"},
				"south": {"uv": [0.6875, 0.3125, 0.6875, 1.0625], "texture": "#1"},
				"west": {"uv": [0.5, 0.3125, 0.6875, 1.0625], "texture": "#1"},
				"up": {"uv": [0.5, 0.3125, 0.5, 0.125], "texture": "#1"},
				"down": {"uv": [0.5, 0.125, 0.5, 0.3125], "texture": "#1"}
			}
		},
		{
			"from": [-8, 15, 15],
			"to": [-8, 31, 18],
			"rotation": {"angle": 0, "axis": "y", "origin": [20, 3, 6]},
			"faces": {
				"north": {"uv": [0.5, 0.125, 0.5, 1.125], "texture": "#1"},
				"east": {"uv": [0.3125, 0.125, 0.5, 1.125], "texture": "#1"},
				"south": {"uv": [0.6875, 0.125, 0.6875, 1.125], "texture": "#1"},
				"west": {"uv": [0.5, 0.125, 0.6875, 1.125], "texture": "#1"},
				"up": {"uv": [0.5, 0.125, 0.5, -0.0625], "texture": "#1"},
				"down": {"uv": [0.5, -0.0625, 0.5, 0.125], "texture": "#1"}
			}
		},
		{
			"from": [-8, 15, 9],
			"to": [-8, 31, 12],
			"rotation": {"angle": 0, "axis": "y", "origin": [20, 3, 6]},
			"faces": {
				"north": {"uv": [0.5, 0.125, 0.5, 1.125], "texture": "#1"},
				"east": {"uv": [0.3125, 0.125, 0.5, 1.125], "texture": "#1"},
				"south": {"uv": [0.6875, 0.125, 0.6875, 1.125], "texture": "#1"},
				"west": {"uv": [0.5, 0.125, 0.6875, 1.125], "texture": "#1"},
				"up": {"uv": [0.5, 0.125, 0.5, -0.0625], "texture": "#1"},
				"down": {"uv": [0.5, -0.0625, 0.5, 0.125], "texture": "#1"}
			}
		},
		{
			"from": [-8, 3, 9],
			"to": [-8, 15, 12],
			"rotation": {"angle": 0, "axis": "y", "origin": [20, 3, 6]},
			"faces": {
				"north": {"uv": [0.5, 0.3125, 0.5, 1.0625], "texture": "#1"},
				"east": {"uv": [0.3125, 0.3125, 0.5, 1.0625], "texture": "#1"},
				"south": {"uv": [0.6875, 0.3125, 0.6875, 1.0625], "texture": "#1"},
				"west": {"uv": [0.5, 0.3125, 0.6875, 1.0625], "texture": "#1"},
				"up": {"uv": [0.5, 0.3125, 0.5, 0.125], "texture": "#1"},
				"down": {"uv": [0.5, 0.125, 0.5, 0.3125], "texture": "#1"}
			}
		},
		{
			"from": [-8, 15, 3],
			"to": [-8, 31, 6],
			"rotation": {"angle": 0, "axis": "y", "origin": [20, 3, 6]},
			"faces": {
				"north": {"uv": [0.5, 0.1875, 0.5, 1.1875], "texture": "#1"},
				"east": {"uv": [0.3125, 0.1875, 0.5, 1.1875], "texture": "#1"},
				"south": {"uv": [0.6875, 0.1875, 0.6875, 1.1875], "texture": "#1"},
				"west": {"uv": [0.5, 0.1875, 0.6875, 1.1875], "texture": "#1"},
				"up": {"uv": [0.5, 0.1875, 0.5, 0], "texture": "#1"},
				"down": {"uv": [0.5, 0, 0.5, 0.1875], "texture": "#1"}
			}
		},
		{
			"from": [-8, 3, 3],
			"to": [-8, 15, 6],
			"rotation": {"angle": 0, "axis": "y", "origin": [20, 3, 6]},
			"faces": {
				"north": {"uv": [0.5, 0.3125, 0.5, 1.0625], "texture": "#1"},
				"east": {"uv": [0.3125, 0.3125, 0.5, 1.0625], "texture": "#1"},
				"south": {"uv": [0.6875, 0.3125, 0.6875, 1.0625], "texture": "#1"},
				"west": {"uv": [0.5, 0.3125, 0.6875, 1.0625], "texture": "#1"},
				"up": {"uv": [0.5, 0.3125, 0.5, 0.125], "texture": "#1"},
				"down": {"uv": [0.5, 0.125, 0.5, 0.3125], "texture": "#1"}
			}
		},
		{
			"from": [-8, 15, -3],
			"to": [-8, 31, 0],
			"rotation": {"angle": 0, "axis": "y", "origin": [20, 3, 6]},
			"faces": {
				"north": {"uv": [0.5, 0.125, 0.5, 1.125], "texture": "#1"},
				"east": {"uv": [0.3125, 0.125, 0.5, 1.125], "texture": "#1"},
				"south": {"uv": [0.6875, 0.125, 0.6875, 1.125], "texture": "#1"},
				"west": {"uv": [0.5, 0.125, 0.6875, 1.125], "texture": "#1"},
				"up": {"uv": [0.5, 0.125, 0.5, -0.0625], "texture": "#1"},
				"down": {"uv": [0.5, -0.0625, 0.5, 0.125], "texture": "#1"}
			}
		},
		{
			"from": [-8, 3, -3],
			"to": [-8, 15, 0],
			"rotation": {"angle": 0, "axis": "y", "origin": [20, 3, 6]},
			"faces": {
				"north": {"uv": [0.5, 0.3125, 0.5, 1.0625], "texture": "#1"},
				"east": {"uv": [0.3125, 0.3125, 0.5, 1.0625], "texture": "#1"},
				"south": {"uv": [0.6875, 0.3125, 0.6875, 1.0625], "texture": "#1"},
				"west": {"uv": [0.5, 0.3125, 0.6875, 1.0625], "texture": "#1"},
				"up": {"uv": [0.5, 0.3125, 0.5, 0.125], "texture": "#1"},
				"down": {"uv": [0.5, 0.125, 0.5, 0.3125], "texture": "#1"}
			}
		}
	],
	"groups": [
		{
			"name": "bone6",
			"origin": [0, 0, 0],
			"color": 0,
			"nbt": "{}",
			"children": [
				{
					"name": "bone5",
					"origin": [0, 3, -13],
					"color": 0,
					"nbt": "{}",
					"children": [0, 1, 2, 3, 4, 5, 6, 7, 8]
				},
				{
					"name": "bone4",
					"origin": [0, 0, 0],
					"color": 0,
					"nbt": "{}",
					"children": [9, 10, 11, 12, 13, 14, 15, 16]
				},
				{
					"name": "bone3",
					"origin": [-1, 3, 13],
					"color": 0,
					"nbt": "{}",
					"children": [17, 18, 19, 20, 21, 22, 23, 24]
				},
				{
					"name": "bone",
					"origin": [13, 3, -2],
					"color": 0,
					"nbt": "{}",
					"children": [25, 26, 27, 28, 29, 30, 31, 32]
				},
				{
					"name": "bone",
					"origin": [13, 3, -2],
					"color": 0,
					"nbt": "{}",
					"children": [33, 34, 35, 36, 37, 38, 39, 40]
				}
			]
		}
	]
}