{
	"credit": "Made with Blockbench",
	"textures": {
		"0": "hermit_crab_spawn",
		"particle": "hermit_crab_spawn"
	},
	"elements": [
		{
			"from": [0, -0.5, 0],
			"to": [16, 0.5, 16],
			"faces": {
				"north": {"uv": [0, 0, 1, 1], "texture": "#0"},
				"east": {"uv": [0, 1, 0, 3], "texture": "#0"},
				"south": {"uv": [0, 0, 2, 2], "texture": "#0"},
				"west": {"uv": [0, 0, 2, 1], "texture": "#0"},
				"up": {"uv": [0, 0, 16, 16], "texture": "#0"},
				"down": {"uv": [16, 0, 0, 16], "texture": "#0"}
			}
		}
	]
}